doc,format,lang,tables,inner,nested,row-cc,grid,other,multipara,merged,plain
koreakr-156754052,hwpx,ko,36,0,0,0,0,0,10,1,25
koreakr-156754053,hwpx,ko,3,0,0,0,0,0,0,1,2
koreakr-156754060,hwpx,ko,6,0,0,0,0,0,1,0,5
koreakr-156754077,hwpx,ko,6,0,0,0,0,0,2,0,4
koreakr-156754093,hwpx,ko,5,0,0,0,0,0,2,0,3
koreakr-156754095,hwpx,ko,32,1,1,0,0,0,4,1,26
koreakr-156754096,hwpx,ko,9,0,0,0,0,0,3,0,6
koreakr-156754097,hwpx,ko,7,0,0,0,0,0,4,0,3
koreakr-156754098,hwpx,ko,5,0,0,0,0,0,1,0,4
koreakr-156754101,hwpx,ko,6,0,0,0,0,0,2,1,3
koreakr-156754103,hwpx,ko,4,0,0,0,0,0,2,0,2
koreakr-156754104,hwpx,ko,4,0,0,0,0,0,2,0,2
koreakr-156754105,hwpx,ko,4,0,0,0,0,0,1,0,3
koreakr-156754116,hwpx,ko,4,0,0,0,0,0,1,0,3
koreakr-156754117,hwpx,ko,6,0,0,0,0,0,1,0,5
koreakr-156754119,hwpx,ko,4,0,0,0,0,0,0,0,4
koreakr-156754120,hwpx,ko,14,0,0,0,0,0,6,0,8
koreakr-156754121,hwpx,ko,8,0,0,0,0,0,3,0,5
koreakr-156754122,hwpx,ko,4,0,0,0,0,0,2,0,2
koreakr-156754124,hwpx,ko,8,0,0,0,0,0,4,1,3
koreakr-156754126,hwpx,ko,11,0,0,0,0,0,6,2,3
koreakr-156754128,hwpx,ko,4,0,0,0,0,0,1,1,2
koreakr-156754129,hwpx,ko,54,0,0,0,0,0,16,19,19
koreakr-156754130,hwpx,ko,4,0,0,0,0,0,1,0,3
koreakr-156754131,hwpx,ko,4,0,0,0,0,0,0,0,4
koreakr-156754132,hwpx,ko,12,0,0,0,0,0,3,0,9
koreakr-156754133,hwpx,ko,6,0,0,0,0,0,1,1,4
koreakr-156754135,hwpx,ko,7,0,0,0,0,0,3,1,3
koreakr-156754137,hwpx,ko,5,0,0,0,0,0,2,1,2
koreakr-156754139,hwpx,ko,5,0,0,0,0,0,2,1,2
koreakr-156754141,hwpx,ko,5,0,0,0,0,0,1,0,4
koreakr-156754142,hwpx,ko,9,0,0,0,0,0,2,1,6
koreakr-156754143,hwpx,ko,5,0,0,0,0,0,2,1,2
koreakr-156754144,hwpx,ko,5,0,0,0,0,0,1,0,4
koreakr-156754146,hwpx,ko,4,0,0,0,0,0,1,0,3
koreakr-156754147,hwpx,ko,20,0,0,0,0,0,4,9,7
koreakr-156754148,hwpx,ko,4,0,0,0,0,0,1,0,3
koreakr-156754149,hwpx,ko,8,0,0,0,0,0,1,0,7
koreakr-156754151,hwpx,ko,9,0,0,0,0,0,5,0,4
koreakr-156754154,hwpx,ko,5,0,0,0,0,0,1,1,3
koreakr-156754155,hwpx,ko,5,0,0,0,0,0,2,0,3
koreakr-156754178,hwpx,ko,3,0,0,0,0,0,0,0,3
koreakr-156754180,hwpx,ko,9,0,0,0,0,0,4,1,4
koreakr-156754181,hwpx,ko,4,0,0,0,0,0,2,0,2
koreakr-156754182,hwpx,ko,17,0,0,0,0,0,13,0,4
koreakr-156754183,hwpx,ko,7,0,0,0,0,0,1,0,6
koreakr-156754185,hwpx,ko,4,0,0,0,0,0,0,0,4
koreakr-156754187,hwpx,ko,7,0,0,0,0,0,2,1,4
koreakr-156754188,hwpx,ko,7,0,0,0,0,0,0,1,6
koreakr-156754189,hwpx,ko,6,0,0,0,0,0,2,1,3
koreakr-156754190,hwpx,ko,8,0,0,0,0,0,2,2,4
koreakr-156754191,hwpx,ko,6,0,0,0,0,0,1,1,4
koreakr-156754194,hwpx,ko,8,0,0,0,0,0,4,0,4
koreakr-156754205,hwpx,ko,4,0,0,0,0,0,1,0,3
koreakr-156754206,hwpx,ko,9,0,0,0,0,0,4,0,5
koreakr-156754209,hwpx,ko,36,5,3,0,0,0,12,4,17
koreakr-156754210,hwpx,ko,7,0,0,0,0,0,2,0,5
koreakr-156754211,hwpx,ko,5,0,0,0,0,0,2,1,2
koreakr-156754212,hwpx,ko,4,0,0,0,0,0,0,0,4
koreakr-156754214,hwpx,ko,4,0,0,0,0,0,0,0,4
koreakr-156754216,hwpx,ko,4,0,0,0,0,0,0,0,4
koreakr-156754222,hwpx,ko,6,0,0,0,0,0,0,0,6
koreakr-156754228,hwpx,ko,14,0,0,0,0,0,4,1,9
koreakr-156754235,hwpx,ko,15,2,2,0,0,0,8,0,5
koreakr-156754237,hwpx,ko,6,0,0,0,0,0,1,0,5
koreakr-156754238,hwpx,ko,14,0,0,0,0,0,2,0,12
koreakr-156754239,hwpx,ko,5,0,0,0,0,0,2,0,3
koreakr-156754241,hwpx,ko,5,0,0,0,0,0,2,1,2
koreakr-156754244,hwpx,ko,7,0,0,0,0,0,2,0,5
koreakr-156754246,hwpx,ko,6,0,0,0,0,0,2,1,3
koreakr-156754248,hwpx,ko,6,0,0,0,0,0,3,1,2
koreakr-156754249,hwpx,ko,4,0,0,0,0,0,1,1,2
koreakr-156754250,hwpx,ko,9,0,0,0,0,0,1,1,7
koreakr-156754251,hwpx,ko,8,0,0,0,0,0,1,0,7
koreakr-156754252,hwpx,ko,105,2,2,0,0,0,70,3,30
koreakr-156754253,hwpx,ko,4,0,0,0,0,0,1,1,2
koreakr-156754256,hwpx,ko,9,0,0,0,0,0,5,0,4
koreakr-156754259,hwpx,ko,7,0,0,0,0,0,1,1,5
koreakr-156754261,hwpx,ko,5,0,0,0,0,0,2,1,2
koreakr-156754263,hwpx,ko,4,0,0,0,0,0,1,0,3
koreakr-156754265,hwpx,ko,5,0,0,0,0,0,2,0,3
koreakr-156754266,hwpx,ko,4,0,0,0,0,0,1,1,2
koreakr-156754267,hwpx,ko,6,0,0,0,0,0,1,2,3
koreakr-156754275,hwpx,ko,5,0,0,0,0,0,1,2,2
koreakr-156754277,hwpx,ko,6,0,0,0,0,0,1,0,5
koreakr-156754278,hwpx,ko,4,0,0,0,0,0,1,0,3
koreakr-156754279,hwpx,ko,4,0,0,0,0,0,0,0,4
koreakr-156754280,hwpx,ko,4,0,0,0,0,0,1,0,3
koreakr-156754281,hwpx,ko,4,0,0,0,0,0,1,1,2
koreakr-156754282,hwpx,ko,5,0,0,0,0,0,1,0,4
koreakr-156754286,hwpx,ko,4,0,0,0,0,0,1,0,3
koreakr-156754287,hwpx,ko,4,0,0,0,0,0,2,0,2
koreakr-156754290,hwpx,ko,5,0,0,0,0,0,2,1,2
koreakr-156754291,hwpx,ko,5,0,0,0,0,0,1,0,4
govdocs1-014760,docx,en,3,0,0,0,1,0,2,0,0
govdocs1-017091,docx,en,1,0,0,0,0,0,1,0,0
govdocs1-017097,docx,en,2,47,1,0,0,0,0,0,1
govdocs1-018367,docx,en,1,0,0,0,1,0,0,0,0
govdocs1-018370,docx,en,0,0,0,0,0,0,0,0,0
govdocs1-018371,docx,en,11,0,0,0,0,0,2,9,0
govdocs1-021524,docx,en,0,0,0,0,0,0,0,0,0
govdocs1-021526,docx,en,0,0,0,0,0,0,0,0,0
govdocs1-021528,docx,en,0,0,0,0,0,0,0,0,0
govdocs1-036269,docx,en,0,0,0,0,0,0,0,0,0
govdocs1-036270,docx,en,0,0,0,0,0,0,0,0,0
govdocs1-037025,docx,en,4,0,0,0,3,0,1,0,0
govdocs1-037824,docx,en,3,0,0,0,0,0,1,1,1
govdocs1-116733,docx,en,13,0,0,0,0,0,12,0,1
govdocs1-116734,docx,en,7,0,0,0,1,0,1,0,5
govdocs1-128291,docx,en,7,0,0,0,0,0,4,3,0
govdocs1-166104,docx,en,0,0,0,0,0,0,0,0,0
govdocs1-182611,docx,en,0,0,0,0,0,0,0,0,0
govdocs1-212648,docx,en,0,0,0,0,0,0,0,0,0
govdocs1-214825,docx,en,0,0,0,0,0,0,0,0,0
govdocs1-214826,docx,en,0,0,0,0,0,0,0,0,0
govdocs1-215384,docx,en,1,0,0,0,0,0,0,0,1
govdocs1-216688,docx,en,0,0,0,0,0,0,0,0,0
govdocs1-216689,docx,en,0,0,0,0,0,0,0,0,0
govdocs1-218978,docx,en,0,0,0,0,0,0,0,0,0
govdocs1-223624,docx,en,1,0,0,0,0,0,0,0,1
govdocs1-224039,docx,en,1,0,0,0,0,0,1,0,0
govdocs1-224041,docx,en,0,0,0,0,0,0,0,0,0
govdocs1-224363,docx,en,4,0,0,0,0,0,1,0,3
govdocs1-224939,docx,en,4,0,0,0,0,0,2,0,2
govdocs1-224940,docx,en,2,0,0,0,0,0,1,1,0
govdocs1-236054,docx,en,0,0,0,0,0,0,0,0,0
govdocs1-241202,docx,en,0,0,0,0,0,0,0,0,0
govdocs1-241638,docx,en,0,0,0,0,0,0,0,0,0
govdocs1-257125,docx,en,0,0,0,0,0,0,0,0,0
govdocs1-259445,docx,en,2,0,0,0,0,0,2,0,0
govdocs1-261383,docx,en,0,0,0,0,0,0,0,0,0
govdocs1-265532,docx,en,3,0,0,0,0,0,2,1,0
govdocs1-265803,docx,en,0,0,0,0,0,0,0,0,0
govdocs1-266907,docx,en,3,0,0,0,0,0,1,1,1
govdocs1-271644,docx,en,0,0,0,0,0,0,0,0,0
govdocs1-274493,docx,en,0,0,0,0,0,0,0,0,0
govdocs1-274759,docx,en,0,0,0,0,0,0,0,0,0
govdocs1-275128,docx,en,2,0,0,0,0,0,0,0,2
govdocs1-276367,docx,en,0,0,0,0,0,0,0,0,0
govdocs1-278190,docx,en,0,0,0,0,0,0,0,0,0
govdocs1-278266,docx,en,11,0,0,0,2,0,0,0,9
govdocs1-280856,docx,en,6,0,0,0,1,0,4,1,0
govdocs1-295148,docx,en,2,0,0,0,0,0,2,0,0
govdocs1-299759,docx,en,1,0,0,0,0,0,0,1,0
govdocs1-304086,docx,en,0,0,0,0,0,0,0,0,0
govdocs1-304089,docx,en,0,0,0,0,0,0,0,0,0
govdocs1-313486,docx,en,13,0,0,0,0,0,2,0,11
govdocs1-318865,docx,en,0,0,0,0,0,0,0,0,0
govdocs1-318866,docx,en,0,0,0,0,0,0,0,0,0
govdocs1-320492,docx,en,0,0,0,0,0,0,0,0,0
govdocs1-335899,docx,en,1,0,0,0,0,0,1,0,0
govdocs1-337861,docx,en,0,0,0,0,0,0,0,0,0
govdocs1-343986,docx,en,0,0,0,0,0,0,0,0,0
govdocs1-350647,docx,en,0,0,0,0,0,0,0,0,0
govdocs1-351216,docx,en,0,0,0,0,0,0,0,0,0
govdocs1-362612,docx,en,13,0,0,0,0,0,8,0,5
govdocs1-372437,docx,en,3,0,0,0,0,0,1,0,2
govdocs1-380433,docx,en,3,0,0,0,0,0,1,0,2
govdocs1-382440,docx,en,0,0,0,0,0,0,0,0,0
govdocs1-393391,docx,en,0,0,0,0,0,0,0,0,0
govdocs1-396614,docx,en,2,0,0,0,0,0,2,0,0
govdocs1-404064,docx,en,3,0,0,0,0,0,2,1,0
govdocs1-406729,docx,en,44,0,0,0,0,0,0,0,44
govdocs1-409409,docx,en,2,0,0,0,0,0,2,0,0
govdocs1-420596,docx,en,2,0,0,0,0,0,1,0,1
govdocs1-424034,docx,en,0,0,0,0,0,0,0,0,0
govdocs1-424654,docx,en,0,0,0,0,0,0,0,0,0
govdocs1-426080,docx,en,0,0,0,0,0,0,0,0,0
govdocs1-426839,docx,en,0,0,0,0,0,0,0,0,0
govdocs1-427949,docx,en,0,0,0,0,0,0,0,0,0
govdocs1-432556,docx,en,0,0,0,0,0,0,0,0,0
govdocs1-433177,docx,en,1,0,0,0,0,0,1,0,0
govdocs1-435413,docx,en,1,0,0,0,0,0,0,0,1
govdocs1-436784,docx,en,0,0,0,0,0,0,0,0,0
govdocs1-439210,docx,en,0,0,0,0,0,0,0,0,0
govdocs1-439737,docx,en,0,0,0,0,0,0,0,0,0
govdocs1-448024,docx,en,15,0,0,0,0,0,2,2,11
govdocs1-448890,docx,en,0,0,0,0,0,0,0,0,0
govdocs1-454393,docx,en,2,0,0,0,0,0,2,0,0
govdocs1-470116,docx,en,44,0,0,0,0,0,42,0,2
govdocs1-485509,docx,en,0,0,0,0,0,0,0,0,0
govdocs1-489061,docx,en,0,0,0,0,0,0,0,0,0
govdocs1-499269,docx,en,0,0,0,0,0,0,0,0,0
govdocs1-499840,docx,en,0,0,0,0,0,0,0,0,0
govdocs1-502911,docx,en,0,0,0,0,0,0,0,0,0
govdocs1-505495,docx,en,18,0,0,0,0,0,14,3,1
govdocs1-507345,docx,en,1,0,0,0,0,0,1,0,0
govdocs1-509883,docx,en,4,0,0,0,0,0,1,0,3
govdocs1-510523,docx,en,1,0,0,0,0,0,1,0,0
govdocs1-516411,docx,en,0,0,0,0,0,0,0,0,0
govdocs1-523860,docx,en,17,4,3,0,3,0,1,0,10
govdocs1-531177,docx,en,0,0,0,0,0,0,0,0,0
govdocs1-532877,docx,en,0,0,0,0,0,0,0,0,0
govdocs1-533917,docx,en,0,0,0,0,0,0,0,0,0
govdocs1-538734,docx,en,0,0,0,0,0,0,0,0,0
govdocs1-544281,docx,en,2,0,0,0,0,0,1,0,1
govdocs1-554301,docx,en,0,0,0,0,0,0,0,0,0
govdocs1-595353,docx,en,0,0,0,0,0,0,0,0,0
govdocs1-596206,docx,en,1,0,0,0,1,0,0,0,0
govdocs1-596392,docx,en,2,0,0,0,0,0,1,0,1
govdocs1-596393,docx,en,1,0,0,0,0,0,1,0,0
govdocs1-596394,docx,en,1,0,0,0,0,0,0,1,0
govdocs1-598298,docx,en,1,0,0,0,0,0,1,0,0
govdocs1-598299,docx,en,2,0,0,0,0,0,1,1,0
govdocs1-598496,docx,en,2,0,0,0,0,0,0,0,2
govdocs1-598938,docx,en,0,0,0,0,0,0,0,0,0
govdocs1-598939,docx,en,0,0,0,0,0,0,0,0,0
govdocs1-601015,docx,en,0,0,0,0,0,0,0,0,0
govdocs1-601720,docx,en,0,0,0,0,0,0,0,0,0
govdocs1-603435,docx,en,1,0,0,0,0,0,1,0,0
govdocs1-604743,docx,en,1,0,0,0,0,0,1,0,0
govdocs1-605377,docx,en,0,0,0,0,0,0,0,0,0
govdocs1-605378,docx,en,0,0,0,0,0,0,0,0,0
govdocs1-610679,docx,en,2,0,0,0,0,0,1,0,1
govdocs1-610786,docx,en,0,0,0,0,0,0,0,0,0
govdocs1-612851,docx,en,4,0,0,0,0,0,2,0,2
govdocs1-615326,docx,en,0,0,0,0,0,0,0,0,0
govdocs1-616100,docx,en,0,0,0,0,0,0,0,0,0
govdocs1-616486,docx,en,3,0,0,0,0,0,3,0,0
govdocs1-617794,docx,en,6,0,0,0,0,0,6,0,0
govdocs1-619163,docx,en,0,0,0,0,0,0,0,0,0
govdocs1-619202,docx,en,0,0,0,0,0,0,0,0,0
govdocs1-619629,docx,en,1,0,0,0,0,0,0,0,1
govdocs1-622477,docx,en,2,0,0,0,0,0,2,0,0
govdocs1-622706,docx,en,0,0,0,0,0,0,0,0,0
govdocs1-623902,docx,en,1,1,1,0,0,0,0,0,0
govdocs1-624667,docx,en,0,0,0,0,0,0,0,0,0
govdocs1-624702,docx,en,0,0,0,0,0,0,0,0,0
govdocs1-629327,docx,en,1,0,0,0,0,0,0,0,1
govdocs1-630008,docx,en,0,0,0,0,0,0,0,0,0
govdocs1-632014,docx,en,13,6,4,0,0,0,0,0,9
govdocs1-633494,docx,en,0,0,0,0,0,0,0,0,0
govdocs1-633495,docx,en,37,35,18,0,0,0,1,0,18
govdocs1-634957,docx,en,2,0,0,0,0,0,0,0,2
govdocs1-635707,docx,en,11,0,0,0,0,0,11,0,0
govdocs1-635928,docx,en,0,0,0,0,0,0,0,0,0
govdocs1-646102,docx,en,0,0,0,0,0,0,0,0,0
govdocs1-648893,docx,en,0,0,0,0,0,0,0,0,0
govdocs1-649344,docx,en,1,0,0,0,0,0,0,0,1
govdocs1-651923,docx,en,2,0,0,0,0,0,1,0,1
govdocs1-651924,docx,en,0,0,0,0,0,0,0,0,0
govdocs1-653159,docx,en,0,0,0,0,0,0,0,0,0
govdocs1-664545,docx,en,0,0,0,0,0,0,0,0,0
govdocs1-681047,docx,en,3,0,0,0,0,0,2,0,1
govdocs1-682995,docx,en,0,0,0,0,0,0,0,0,0
govdocs1-732704,docx,en,1,0,0,0,0,0,1,0,0
govdocs1-732705,docx,en,1,0,0,0,0,0,0,1,0
govdocs1-737350,docx,en,0,0,0,0,0,0,0,0,0
govdocs1-758999,docx,en,0,0,0,0,0,0,0,0,0
govdocs1-787396,docx,en,1,0,0,0,0,0,0,0,1
govdocs1-795716,docx,en,4,0,0,0,0,0,3,0,1
govdocs1-873263,docx,en,0,0,0,0,0,0,0,0,0
govdocs1-883596,docx,en,70,0,0,0,0,0,0,0,70
govdocs1-919819,docx,en,1,0,0,0,0,0,0,0,1
govdocs1-941261,docx,en,2,0,0,0,0,0,1,0,1
govdocs1-956803,docx,en,0,0,0,0,0,0,0,0,0
github-18F_handbook-TEMPLATE_Internal_kickoff_agenda,docx,en,1,0,0,0,0,0,1,0,0
github-18F_handbook-TEMPLATE_Project_README,docx,en,4,0,0,0,0,0,3,0,1
github-18F_handbook-TEMPLATE_Team_charter,docx,en,5,0,0,0,0,0,2,0,3
github-18F_handbook-TEMPLATE_Weekly_ship_template,docx,en,1,0,0,0,0,0,1,0,0
github-usds_playbook-TechFAR_Handbook_2014-08-07,docx,en,27,0,0,0,0,0,2,22,3
