doc,format,lang,n,context,rows,cols,category,flags,inner_tables,proto_reason
koreakr-156754052,hwpx,ko,0,body,1,3,plain,,0,
koreakr-156754052,hwpx,ko,1,body,1,2,plain,,0,
koreakr-156754052,hwpx,ko,2,body,2,1,multipara,multipara,0,
koreakr-156754052,hwpx,ko,3,body,3,6,merged,merged,0,
koreakr-156754052,hwpx,ko,4,body,1,1,plain,,0,
koreakr-156754052,hwpx,ko,5,body,1,1,multipara,multipara,0,
koreakr-156754052,hwpx,ko,6,body,1,1,plain,,0,
koreakr-156754052,hwpx,ko,7,body,1,1,multipara,multipara,0,
koreakr-156754052,hwpx,ko,8,body,1,1,multipara,multipara,0,
koreakr-156754052,hwpx,ko,9,body,12,6,multipara,merged;multipara,0,
koreakr-156754052,hwpx,ko,10,body,1,1,plain,,0,
koreakr-156754052,hwpx,ko,11,body,1,1,plain,,0,
koreakr-156754052,hwpx,ko,12,body,1,1,plain,,0,
koreakr-156754052,hwpx,ko,13,body,1,1,plain,,0,
koreakr-156754052,hwpx,ko,14,body,1,1,plain,,0,
koreakr-156754052,hwpx,ko,15,body,1,1,plain,,0,
koreakr-156754052,hwpx,ko,16,body,1,1,plain,,0,
koreakr-156754052,hwpx,ko,17,body,1,1,plain,,0,
koreakr-156754052,hwpx,ko,18,body,1,1,plain,info:field in cell,0,
koreakr-156754052,hwpx,ko,19,body,1,1,plain,,0,
koreakr-156754052,hwpx,ko,20,body,1,1,plain,info:field in cell,0,
koreakr-156754052,hwpx,ko,21,body,1,1,plain,,0,
koreakr-156754052,hwpx,ko,22,body,1,1,plain,info:field in cell,0,
koreakr-156754052,hwpx,ko,23,body,1,1,plain,,0,
koreakr-156754052,hwpx,ko,24,body,1,1,multipara,multipara,0,
koreakr-156754052,hwpx,ko,25,body,1,1,plain,,0,
koreakr-156754052,hwpx,ko,26,body,1,1,plain,,0,
koreakr-156754052,hwpx,ko,27,body,1,1,plain,,0,
koreakr-156754052,hwpx,ko,28,body,1,1,multipara,multipara,0,
koreakr-156754052,hwpx,ko,29,body,1,1,plain,,0,
koreakr-156754052,hwpx,ko,30,body,1,1,multipara,multipara,0,
koreakr-156754052,hwpx,ko,31,body,1,1,multipara,multipara,0,
koreakr-156754052,hwpx,ko,32,body,1,1,plain,,0,
koreakr-156754052,hwpx,ko,33,body,1,1,plain,,0,
koreakr-156754052,hwpx,ko,34,body,1,3,plain,,0,
koreakr-156754052,hwpx,ko,35,body,17,6,multipara,merged;multipara,0,
koreakr-156754053,hwpx,ko,0,body,1,3,plain,,0,
koreakr-156754053,hwpx,ko,1,body,2,1,plain,,0,
koreakr-156754053,hwpx,ko,2,body,25,6,merged,merged,0,
koreakr-156754060,hwpx,ko,0,body,1,3,plain,,0,
koreakr-156754060,hwpx,ko,1,body,1,2,plain,,0,
koreakr-156754060,hwpx,ko,2,body,2,1,plain,,0,
koreakr-156754060,hwpx,ko,3,body,2,6,plain,,0,
koreakr-156754060,hwpx,ko,4,body,1,3,plain,,0,
koreakr-156754060,hwpx,ko,5,body,36,5,multipara,merged;multipara,0,
koreakr-156754077,hwpx,ko,0,body,1,3,multipara,multipara,0,
koreakr-156754077,hwpx,ko,1,body,1,4,plain,,0,
koreakr-156754077,hwpx,ko,2,body,2,1,multipara,multipara,0,
koreakr-156754077,hwpx,ko,3,body,6,4,plain,,0,
koreakr-156754077,hwpx,ko,4,body,8,4,plain,,0,
koreakr-156754077,hwpx,ko,5,body,3,6,plain,,0,
koreakr-156754093,hwpx,ko,0,body,1,3,multipara,multipara,0,
koreakr-156754093,hwpx,ko,1,body,1,2,plain,,0,
koreakr-156754093,hwpx,ko,2,body,2,1,multipara,multipara,0,
koreakr-156754093,hwpx,ko,3,body,10,6,plain,info:anchor paragraph holds another table,0,
koreakr-156754093,hwpx,ko,4,body,1,3,plain,info:anchor paragraph holds another table,0,
koreakr-156754095,hwpx,ko,0,body,1,3,plain,,0,
koreakr-156754095,hwpx,ko,1,body,1,2,plain,,0,
koreakr-156754095,hwpx,ko,2,body,2,1,multipara,multipara,0,
koreakr-156754095,hwpx,ko,3,body,4,7,merged,merged,0,
koreakr-156754095,hwpx,ko,4,body,3,2,multipara,merged;multipara,0,
koreakr-156754095,hwpx,ko,5,body,2,6,plain,,0,
koreakr-156754095,hwpx,ko,6,body,11,6,plain,,0,
koreakr-156754095,hwpx,ko,7,body,1,3,plain,,0,
koreakr-156754095,hwpx,ko,8,body,1,3,plain,,0,
koreakr-156754095,hwpx,ko,9,body,13,3,multipara,merged;multipara,0,
koreakr-156754095,hwpx,ko,10,body,1,3,plain,,0,
koreakr-156754095,hwpx,ko,11,body,1,1,nested,multipara;nested,1,
koreakr-156754095,hwpx,ko,12,body,4,2,plain,,0,
koreakr-156754095,hwpx,ko,13,body,1,3,plain,,0,
koreakr-156754095,hwpx,ko,14,body,1,3,plain,,0,
koreakr-156754095,hwpx,ko,15,body,1,1,plain,,0,
koreakr-156754095,hwpx,ko,16,body,1,1,plain,,0,
koreakr-156754095,hwpx,ko,17,body,13,3,multipara,merged;multipara,0,
koreakr-156754095,hwpx,ko,18,body,1,1,plain,,0,
koreakr-156754095,hwpx,ko,19,body,1,1,plain,,0,
koreakr-156754095,hwpx,ko,20,body,1,1,plain,,0,
koreakr-156754095,hwpx,ko,21,body,1,1,plain,,0,
koreakr-156754095,hwpx,ko,22,body,1,1,plain,,0,
koreakr-156754095,hwpx,ko,23,body,1,1,plain,,0,
koreakr-156754095,hwpx,ko,24,body,1,1,plain,,0,
koreakr-156754095,hwpx,ko,25,body,1,1,plain,,0,
koreakr-156754095,hwpx,ko,26,body,1,1,plain,,0,
koreakr-156754095,hwpx,ko,27,body,1,1,plain,,0,
koreakr-156754095,hwpx,ko,28,body,1,1,plain,,0,
koreakr-156754095,hwpx,ko,29,body,1,1,plain,,0,
koreakr-156754095,hwpx,ko,30,body,1,1,plain,,0,
koreakr-156754095,hwpx,ko,31,body,1,1,plain,,0,
koreakr-156754096,hwpx,ko,0,body,1,3,plain,,0,
koreakr-156754096,hwpx,ko,1,body,1,4,multipara,multipara,0,
koreakr-156754096,hwpx,ko,2,body,2,1,multipara,multipara,0,
koreakr-156754096,hwpx,ko,3,body,2,6,plain,,0,
koreakr-156754096,hwpx,ko,4,body,1,2,plain,,0,
koreakr-156754096,hwpx,ko,5,body,1,2,plain,,0,
koreakr-156754096,hwpx,ko,6,body,3,1,multipara,multipara,0,
koreakr-156754096,hwpx,ko,7,body,1,2,plain,,0,
koreakr-156754096,hwpx,ko,8,body,5,1,plain,,0,
koreakr-156754097,hwpx,ko,0,body,1,3,plain,,0,
koreakr-156754097,hwpx,ko,1,body,1,4,multipara,multipara,0,
koreakr-156754097,hwpx,ko,2,body,2,1,multipara,multipara,0,
koreakr-156754097,hwpx,ko,3,body,2,6,plain,,0,
koreakr-156754097,hwpx,ko,4,body,1,3,plain,,0,
koreakr-156754097,hwpx,ko,5,body,6,7,multipara,merged;multipara,0,
koreakr-156754097,hwpx,ko,6,body,5,3,multipara,merged;multipara,0,
koreakr-156754098,hwpx,ko,0,body,1,3,plain,,0,
koreakr-156754098,hwpx,ko,1,body,1,1,plain,,0,
koreakr-156754098,hwpx,ko,2,body,2,1,multipara,multipara,0,
koreakr-156754098,hwpx,ko,3,body,3,6,plain,,0,
koreakr-156754098,hwpx,ko,4,textbox,1,3,plain,,0,
koreakr-156754101,hwpx,ko,0,body,1,3,plain,,0,
koreakr-156754101,hwpx,ko,1,body,1,4,plain,,0,
koreakr-156754101,hwpx,ko,2,body,2,1,multipara,multipara,0,
koreakr-156754101,hwpx,ko,3,body,3,6,merged,merged,0,
koreakr-156754101,hwpx,ko,4,body,1,3,plain,,0,
koreakr-156754101,hwpx,ko,5,body,12,8,multipara,merged;multipara,0,
koreakr-156754103,hwpx,ko,0,body,1,3,plain,,0,
koreakr-156754103,hwpx,ko,1,body,1,4,plain,,0,
koreakr-156754103,hwpx,ko,2,body,3,1,multipara,multipara,0,
koreakr-156754103,hwpx,ko,3,body,5,6,multipara,merged;multipara,0,
koreakr-156754104,hwpx,ko,0,body,1,3,plain,,0,
koreakr-156754104,hwpx,ko,1,body,1,4,plain,,0,
koreakr-156754104,hwpx,ko,2,body,2,1,multipara,multipara,0,
koreakr-156754104,hwpx,ko,3,body,17,6,multipara,merged;multipara,0,
koreakr-156754105,hwpx,ko,0,body,1,3,plain,,0,
koreakr-156754105,hwpx,ko,1,body,1,4,plain,,0,
koreakr-156754105,hwpx,ko,2,body,1,1,multipara,multipara,0,
koreakr-156754105,hwpx,ko,3,body,2,6,plain,,0,
koreakr-156754116,hwpx,ko,0,body,1,3,plain,info:anchor paragraph holds another table,0,
koreakr-156754116,hwpx,ko,1,body,1,4,plain,info:anchor paragraph holds another table,0,
koreakr-156754116,hwpx,ko,2,body,2,1,multipara,info:anchor paragraph holds another table;multipara,0,
koreakr-156754116,hwpx,ko,3,body,2,6,plain,,0,
koreakr-156754117,hwpx,ko,0,body,1,3,plain,,0,
koreakr-156754117,hwpx,ko,1,body,1,4,plain,,0,
koreakr-156754117,hwpx,ko,2,body,2,1,plain,,0,
koreakr-156754117,hwpx,ko,3,body,2,6,plain,,0,
koreakr-156754117,hwpx,ko,4,body,1,3,plain,,0,
koreakr-156754117,hwpx,ko,5,body,11,3,multipara,merged;multipara,0,
koreakr-156754119,hwpx,ko,0,body,1,3,plain,,0,
koreakr-156754119,hwpx,ko,1,body,1,4,plain,,0,
koreakr-156754119,hwpx,ko,2,body,2,1,plain,,0,
koreakr-156754119,hwpx,ko,3,body,8,6,plain,,0,
koreakr-156754120,hwpx,ko,0,body,1,3,multipara,multipara,0,
koreakr-156754120,hwpx,ko,1,body,1,4,plain,,0,
koreakr-156754120,hwpx,ko,2,body,2,1,multipara,multipara,0,
koreakr-156754120,hwpx,ko,3,body,2,6,plain,,0,
koreakr-156754120,hwpx,ko,4,body,1,3,plain,,0,
koreakr-156754120,hwpx,ko,5,body,4,1,plain,,0,
koreakr-156754120,hwpx,ko,6,body,1,3,plain,,0,
koreakr-156754120,hwpx,ko,7,body,6,3,multipara,merged;multipara,0,
koreakr-156754120,hwpx,ko,8,body,11,3,multipara,merged;multipara,0,
koreakr-156754120,hwpx,ko,9,body,1,3,plain,,0,
koreakr-156754120,hwpx,ko,10,body,40,3,plain,,0,
koreakr-156754120,hwpx,ko,11,body,102,3,multipara,merged;multipara,0,
koreakr-156754120,hwpx,ko,12,body,111,5,multipara,merged;multipara,0,
koreakr-156754120,hwpx,ko,13,body,1,3,plain,,0,
koreakr-156754121,hwpx,ko,0,body,1,3,multipara,multipara,0,
koreakr-156754121,hwpx,ko,1,body,1,4,plain,,0,
koreakr-156754121,hwpx,ko,2,body,2,1,multipara,multipara,0,
koreakr-156754121,hwpx,ko,3,body,4,6,plain,,0,
koreakr-156754121,hwpx,ko,4,body,1,3,plain,,0,
koreakr-156754121,hwpx,ko,5,body,3,2,plain,,0,
koreakr-156754121,hwpx,ko,6,body,8,5,multipara,merged;multipara,0,
koreakr-156754121,hwpx,ko,7,body,1,3,plain,,0,
koreakr-156754122,hwpx,ko,0,body,1,3,multipara,multipara,0,
koreakr-156754122,hwpx,ko,1,body,1,4,plain,,0,
koreakr-156754122,hwpx,ko,2,body,2,1,multipara,multipara,0,
koreakr-156754122,hwpx,ko,3,body,4,6,plain,,0,
koreakr-156754124,hwpx,ko,0,body,1,3,plain,,0,
koreakr-156754124,hwpx,ko,1,body,1,2,plain,,0,
koreakr-156754124,hwpx,ko,2,body,2,1,multipara,multipara,0,
koreakr-156754124,hwpx,ko,3,body,1,2,multipara,multipara,0,
koreakr-156754124,hwpx,ko,4,body,3,6,multipara,merged;multipara,0,
koreakr-156754124,hwpx,ko,5,body,1,3,plain,,0,
koreakr-156754124,hwpx,ko,6,body,5,4,merged,merged,0,
koreakr-156754124,hwpx,ko,7,body,2,9,multipara,merged;multipara,0,
koreakr-156754126,hwpx,ko,0,body,1,3,plain,,0,
koreakr-156754126,hwpx,ko,1,body,1,4,multipara,multipara,0,
koreakr-156754126,hwpx,ko,2,body,2,1,multipara,multipara,0,
koreakr-156754126,hwpx,ko,3,body,2,6,multipara,merged;multipara,0,
koreakr-156754126,hwpx,ko,4,body,1,2,plain,,0,
koreakr-156754126,hwpx,ko,5,body,1,1,multipara,multipara,0,
koreakr-156754126,hwpx,ko,6,body,1,2,plain,,0,
koreakr-156754126,hwpx,ko,7,body,2,4,multipara,multipara,0,
koreakr-156754126,hwpx,ko,8,body,27,4,merged,merged,0,
koreakr-156754126,hwpx,ko,9,body,2,4,multipara,multipara,0,
koreakr-156754126,hwpx,ko,10,body,27,4,merged,merged,0,
koreakr-156754128,hwpx,ko,0,body,1,3,plain,,0,
koreakr-156754128,hwpx,ko,1,body,1,4,plain,,0,
koreakr-156754128,hwpx,ko,2,body,3,1,multipara,multipara,0,
koreakr-156754128,hwpx,ko,3,body,5,6,merged,merged,0,
koreakr-156754129,hwpx,ko,0,body,1,3,plain,,0,
koreakr-156754129,hwpx,ko,1,body,1,5,multipara,multipara,0,
koreakr-156754129,hwpx,ko,2,body,2,1,plain,,0,
koreakr-156754129,hwpx,ko,3,body,1,1,plain,,0,
koreakr-156754129,hwpx,ko,4,body,5,5,merged,merged,0,
koreakr-156754129,hwpx,ko,5,body,4,9,merged,merged,0,
koreakr-156754129,hwpx,ko,6,body,2,6,multipara,merged;multipara,0,
koreakr-156754129,hwpx,ko,7,body,1,3,plain,,0,
koreakr-156754129,hwpx,ko,8,body,1,3,plain,,0,
koreakr-156754129,hwpx,ko,9,body,5,11,merged,merged,0,
koreakr-156754129,hwpx,ko,10,body,1,3,plain,,0,
koreakr-156754129,hwpx,ko,11,body,8,12,multipara,merged;multipara,0,
koreakr-156754129,hwpx,ko,12,body,2,2,plain,,0,
koreakr-156754129,hwpx,ko,13,body,7,12,multipara,merged;multipara,0,
koreakr-156754129,hwpx,ko,14,body,2,2,plain,,0,
koreakr-156754129,hwpx,ko,15,body,7,13,merged,merged,0,
koreakr-156754129,hwpx,ko,16,body,4,9,merged,merged,0,
koreakr-156754129,hwpx,ko,17,body,1,3,plain,,0,
koreakr-156754129,hwpx,ko,18,body,1,1,multipara,multipara,0,
koreakr-156754129,hwpx,ko,19,body,5,15,merged,merged,0,
koreakr-156754129,hwpx,ko,20,body,6,9,merged,merged,0,
koreakr-156754129,hwpx,ko,21,body,7,9,merged,merged,0,
koreakr-156754129,hwpx,ko,22,body,7,19,multipara,merged;multipara,0,
koreakr-156754129,hwpx,ko,23,body,4,8,plain,,0,
koreakr-156754129,hwpx,ko,24,body,8,19,multipara,merged;multipara,0,
koreakr-156754129,hwpx,ko,25,body,1,1,multipara,multipara,0,
koreakr-156754129,hwpx,ko,26,body,5,8,merged,merged,0,
koreakr-156754129,hwpx,ko,27,body,1,1,multipara,multipara,0,
koreakr-156754129,hwpx,ko,28,body,5,13,merged,merged,0,
koreakr-156754129,hwpx,ko,29,body,6,8,merged,merged,0,
koreakr-156754129,hwpx,ko,30,body,7,8,merged,merged,0,
koreakr-156754129,hwpx,ko,31,body,7,19,merged,merged,0,
koreakr-156754129,hwpx,ko,32,body,4,6,plain,,0,
koreakr-156754129,hwpx,ko,33,body,8,16,multipara,merged;multipara,0,
koreakr-156754129,hwpx,ko,34,body,5,6,merged,merged,0,
koreakr-156754129,hwpx,ko,35,body,1,1,multipara,multipara,0,
koreakr-156754129,hwpx,ko,36,body,5,11,merged,merged,0,
koreakr-156754129,hwpx,ko,37,body,6,7,merged,merged,0,
koreakr-156754129,hwpx,ko,38,body,7,7,merged,merged,0,
koreakr-156754129,hwpx,ko,39,body,7,16,multipara,merged;multipara,0,
koreakr-156754129,hwpx,ko,40,body,6,7,merged,merged,0,
koreakr-156754129,hwpx,ko,41,body,8,16,multipara,merged;multipara,0,
koreakr-156754129,hwpx,ko,42,body,5,7,merged,merged,0,
koreakr-156754129,hwpx,ko,43,body,1,3,plain,,0,
koreakr-156754129,hwpx,ko,44,body,1,3,plain,,0,
koreakr-156754129,hwpx,ko,45,body,4,2,plain,,0,
koreakr-156754129,hwpx,ko,46,body,6,7,plain,,0,
koreakr-156754129,hwpx,ko,47,body,6,6,plain,,0,
koreakr-156754129,hwpx,ko,48,body,6,5,plain,,0,
koreakr-156754129,hwpx,ko,49,body,1,3,plain,,0,
koreakr-156754129,hwpx,ko,50,body,27,8,multipara,merged;multipara,0,
koreakr-156754129,hwpx,ko,51,body,27,8,multipara,merged;multipara,0,
koreakr-156754129,hwpx,ko,52,body,22,11,multipara,merged;multipara,0,
koreakr-156754129,hwpx,ko,53,body,1,1,plain,,0,
koreakr-156754130,hwpx,ko,0,body,1,3,plain,,0,
koreakr-156754130,hwpx,ko,1,body,1,4,plain,,0,
koreakr-156754130,hwpx,ko,2,body,2,1,multipara,multipara,0,
koreakr-156754130,hwpx,ko,3,body,2,6,plain,,0,
koreakr-156754131,hwpx,ko,0,body,1,3,plain,,0,
koreakr-156754131,hwpx,ko,1,body,1,4,plain,,0,
koreakr-156754131,hwpx,ko,2,body,1,1,plain,,0,
koreakr-156754131,hwpx,ko,3,body,2,6,plain,,0,
koreakr-156754132,hwpx,ko,0,body,1,3,plain,,0,
koreakr-156754132,hwpx,ko,1,body,1,4,plain,,0,
koreakr-156754132,hwpx,ko,2,body,2,1,multipara,multipara,0,
koreakr-156754132,hwpx,ko,3,body,1,1,plain,,0,
koreakr-156754132,hwpx,ko,4,body,4,5,multipara,merged;multipara,0,
koreakr-156754132,hwpx,ko,5,body,3,6,multipara,merged;multipara,0,
koreakr-156754132,hwpx,ko,6,body,1,3,plain,,0,
koreakr-156754132,hwpx,ko,7,body,1,1,plain,,0,
koreakr-156754132,hwpx,ko,8,body,1,3,plain,,0,
koreakr-156754132,hwpx,ko,9,body,1,1,plain,,0,
koreakr-156754132,hwpx,ko,10,body,1,3,plain,info:anchor paragraph holds another table,0,
koreakr-156754132,hwpx,ko,11,body,1,1,plain,info:anchor paragraph holds another table,0,
koreakr-156754133,hwpx,ko,0,body,1,3,plain,,0,
koreakr-156754133,hwpx,ko,1,body,1,4,plain,,0,
koreakr-156754133,hwpx,ko,2,body,2,1,plain,,0,
koreakr-156754133,hwpx,ko,3,body,4,6,merged,merged,0,
koreakr-156754133,hwpx,ko,4,body,1,3,plain,,0,
koreakr-156754133,hwpx,ko,5,body,15,4,multipara,merged;multipara,0,
koreakr-156754135,hwpx,ko,0,body,1,3,multipara,multipara,0,
koreakr-156754135,hwpx,ko,1,body,2,2,merged,merged,0,
koreakr-156754135,hwpx,ko,2,body,2,1,multipara,multipara,0,
koreakr-156754135,hwpx,ko,3,body,3,6,plain,,0,
koreakr-156754135,hwpx,ko,4,body,1,3,plain,,0,
koreakr-156754135,hwpx,ko,5,body,1,3,plain,,0,
koreakr-156754135,hwpx,ko,6,body,2,3,multipara,multipara,0,
koreakr-156754137,hwpx,ko,0,body,1,3,multipara,multipara,0,
koreakr-156754137,hwpx,ko,1,body,2,2,merged,merged,0,
koreakr-156754137,hwpx,ko,2,body,2,1,multipara,multipara,0,
koreakr-156754137,hwpx,ko,3,body,2,6,plain,,0,
koreakr-156754137,hwpx,ko,4,body,1,3,plain,,0,
koreakr-156754139,hwpx,ko,0,body,1,3,multipara,multipara,0,
koreakr-156754139,hwpx,ko,1,body,2,2,merged,merged,0,
koreakr-156754139,hwpx,ko,2,body,2,1,multipara,multipara,0,
koreakr-156754139,hwpx,ko,3,body,2,6,plain,,0,
koreakr-156754139,hwpx,ko,4,body,1,3,plain,,0,
koreakr-156754141,hwpx,ko,0,body,1,3,multipara,multipara,0,
koreakr-156754141,hwpx,ko,1,body,1,2,plain,,0,
koreakr-156754141,hwpx,ko,2,body,2,1,plain,,0,
koreakr-156754141,hwpx,ko,3,body,2,6,plain,info:anchor paragraph holds another table,0,
koreakr-156754141,hwpx,ko,4,body,1,3,plain,info:anchor paragraph holds another table,0,
koreakr-156754142,hwpx,ko,0,body,1,3,plain,,0,
koreakr-156754142,hwpx,ko,1,body,1,3,multipara,info:anchor paragraph holds another table;multipara,0,
koreakr-156754142,hwpx,ko,2,body,1,4,plain,info:anchor paragraph holds another table,0,
koreakr-156754142,hwpx,ko,3,body,2,1,multipara,multipara,0,
koreakr-156754142,hwpx,ko,4,body,2,6,merged,merged,0,
koreakr-156754142,hwpx,ko,5,body,1,3,plain,,0,
koreakr-156754142,hwpx,ko,6,body,1,1,plain,,0,
koreakr-156754142,hwpx,ko,7,body,1,3,plain,info:anchor paragraph holds another table,0,
koreakr-156754142,hwpx,ko,8,body,1,1,plain,info:anchor paragraph holds another table,0,
koreakr-156754143,hwpx,ko,0,body,1,3,plain,,0,
koreakr-156754143,hwpx,ko,1,body,1,3,multipara,info:anchor paragraph holds another table;multipara,0,
koreakr-156754143,hwpx,ko,2,body,1,4,plain,info:anchor paragraph holds another table,0,
koreakr-156754143,hwpx,ko,3,body,3,1,multipara,multipara,0,
koreakr-156754143,hwpx,ko,4,body,2,6,merged,merged,0,
koreakr-156754144,hwpx,ko,0,body,1,3,plain,,0,
koreakr-156754144,hwpx,ko,1,body,1,4,plain,,0,
koreakr-156754144,hwpx,ko,2,body,2,1,plain,,0,
koreakr-156754144,hwpx,ko,3,body,2,6,multipara,merged;multipara,0,
koreakr-156754144,hwpx,ko,4,body,1,3,plain,,0,
koreakr-156754146,hwpx,ko,0,body,1,3,multipara,multipara,0,
koreakr-156754146,hwpx,ko,1,body,1,4,plain,,0,
koreakr-156754146,hwpx,ko,2,body,2,1,plain,,0,
koreakr-156754146,hwpx,ko,3,body,2,6,plain,,0,
koreakr-156754147,hwpx,ko,0,body,1,3,plain,,0,
koreakr-156754147,hwpx,ko,1,body,1,4,plain,,0,
koreakr-156754147,hwpx,ko,2,body,1,1,plain,,0,
koreakr-156754147,hwpx,ko,3,body,3,3,multipara,merged;multipara,0,
koreakr-156754147,hwpx,ko,4,body,7,6,multipara,merged;multipara,0,
koreakr-156754147,hwpx,ko,5,body,2,1,plain,,0,
koreakr-156754147,hwpx,ko,6,body,2,5,merged,merged,0,
koreakr-156754147,hwpx,ko,7,body,3,2,multipara,merged;multipara,0,
koreakr-156754147,hwpx,ko,8,body,2,5,merged,merged,0,
koreakr-156754147,hwpx,ko,9,body,4,2,merged,merged,0,
koreakr-156754147,hwpx,ko,10,body,2,5,merged,merged,0,
koreakr-156754147,hwpx,ko,11,body,2,1,plain,,0,
koreakr-156754147,hwpx,ko,12,body,2,5,merged,merged,0,
koreakr-156754147,hwpx,ko,13,body,4,2,merged,merged,0,
koreakr-156754147,hwpx,ko,14,body,3,3,multipara,merged;multipara,0,
koreakr-156754147,hwpx,ko,15,body,3,6,merged,merged,0,
koreakr-156754147,hwpx,ko,16,body,1,3,plain,,0,
koreakr-156754147,hwpx,ko,17,body,1,3,plain,,0,
koreakr-156754147,hwpx,ko,18,body,12,6,merged,merged,0,
koreakr-156754147,hwpx,ko,19,body,12,6,merged,merged,0,
koreakr-156754148,hwpx,ko,0,body,1,3,multipara,info:anchor paragraph holds another table;multipara,0,
koreakr-156754148,hwpx,ko,1,body,1,4,plain,info:anchor paragraph holds another table,0,
koreakr-156754148,hwpx,ko,2,body,1,1,plain,,0,
koreakr-156754148,hwpx,ko,3,body,2,6,plain,,0,
koreakr-156754149,hwpx,ko,0,body,1,3,plain,,0,
koreakr-156754149,hwpx,ko,1,body,1,4,plain,,0,
koreakr-156754149,hwpx,ko,2,body,2,1,multipara,multipara,0,
koreakr-156754149,hwpx,ko,3,body,1,1,plain,,0,
koreakr-156754149,hwpx,ko,4,body,1,1,plain,,0,
koreakr-156754149,hwpx,ko,5,body,1,1,plain,,0,
koreakr-156754149,hwpx,ko,6,body,2,6,plain,,0,
koreakr-156754149,hwpx,ko,7,body,1,3,plain,,0,
koreakr-156754151,hwpx,ko,0,body,1,3,plain,,0,
koreakr-156754151,hwpx,ko,1,body,1,4,plain,,0,
koreakr-156754151,hwpx,ko,2,body,2,1,multipara,multipara,0,
koreakr-156754151,hwpx,ko,3,body,1,1,multipara,multipara,0,
koreakr-156754151,hwpx,ko,4,body,16,6,multipara,merged;multipara,0,
koreakr-156754151,hwpx,ko,5,body,1,3,plain,,0,
koreakr-156754151,hwpx,ko,6,body,20,4,multipara,merged;multipara,0,
koreakr-156754151,hwpx,ko,7,body,1,3,plain,,0,
koreakr-156754151,hwpx,ko,8,body,57,7,multipara,merged;multipara,0,
koreakr-156754154,hwpx,ko,0,body,1,3,multipara,multipara,0,
koreakr-156754154,hwpx,ko,1,body,1,4,plain,,0,
koreakr-156754154,hwpx,ko,2,body,2,1,plain,,0,
koreakr-156754154,hwpx,ko,3,body,2,6,merged,merged,0,
koreakr-156754154,hwpx,ko,4,body,1,3,plain,,0,
koreakr-156754155,hwpx,ko,0,body,1,3,multipara,multipara,0,
koreakr-156754155,hwpx,ko,1,body,1,4,plain,,0,
koreakr-156754155,hwpx,ko,2,body,2,1,plain,,0,
koreakr-156754155,hwpx,ko,3,body,2,6,multipara,merged;multipara,0,
koreakr-156754155,hwpx,ko,4,body,1,3,plain,,0,
koreakr-156754178,hwpx,ko,0,body,1,1,plain,,0,
koreakr-156754178,hwpx,ko,1,body,1,2,plain,,0,
koreakr-156754178,hwpx,ko,2,body,1,2,plain,,0,
koreakr-156754180,hwpx,ko,0,body,1,3,plain,,0,
koreakr-156754180,hwpx,ko,1,body,1,3,plain,,0,
koreakr-156754180,hwpx,ko,2,body,2,1,multipara,multipara,0,
koreakr-156754180,hwpx,ko,3,body,3,3,multipara,merged;multipara,0,
koreakr-156754180,hwpx,ko,4,body,9,6,merged,merged,0,
koreakr-156754180,hwpx,ko,5,body,1,3,plain,,0,
koreakr-156754180,hwpx,ko,6,body,2,2,multipara,multipara,0,
koreakr-156754180,hwpx,ko,7,body,3,2,multipara,multipara,0,
koreakr-156754180,hwpx,ko,8,body,1,1,plain,,0,
koreakr-156754181,hwpx,ko,0,body,1,3,multipara,multipara,0,
koreakr-156754181,hwpx,ko,1,body,1,4,plain,,0,
koreakr-156754181,hwpx,ko,2,body,2,1,multipara,multipara,0,
koreakr-156754181,hwpx,ko,3,body,2,6,plain,,0,
koreakr-156754182,hwpx,ko,0,body,1,3,plain,,0,
koreakr-156754182,hwpx,ko,1,body,1,4,plain,,0,
koreakr-156754182,hwpx,ko,2,body,2,1,multipara,multipara,0,
koreakr-156754182,hwpx,ko,3,body,6,6,multipara,merged;multipara,0,
koreakr-156754182,hwpx,ko,4,body,1,3,plain,,0,
koreakr-156754182,hwpx,ko,5,body,24,5,multipara,merged;multipara,0,
koreakr-156754182,hwpx,ko,6,body,1,3,plain,,0,
koreakr-156754182,hwpx,ko,7,body,5,2,multipara,multipara,0,
koreakr-156754182,hwpx,ko,8,body,3,2,multipara,multipara,0,
koreakr-156754182,hwpx,ko,9,body,16,2,multipara,multipara,0,
koreakr-156754182,hwpx,ko,10,body,64,3,multipara,info:anchor paragraph has text;merged;multipara,0,
koreakr-156754182,hwpx,ko,11,body,18,2,multipara,multipara,0,
koreakr-156754182,hwpx,ko,12,body,3,3,multipara,merged;multipara,0,
koreakr-156754182,hwpx,ko,13,body,45,2,multipara,multipara,0,
koreakr-156754182,hwpx,ko,14,body,17,2,multipara,multipara,0,
koreakr-156754182,hwpx,ko,15,body,4,2,multipara,merged;multipara,0,
koreakr-156754182,hwpx,ko,16,body,2,2,multipara,multipara,0,
koreakr-156754183,hwpx,ko,0,body,1,3,plain,,0,
koreakr-156754183,hwpx,ko,1,body,1,4,plain,,0,
koreakr-156754183,hwpx,ko,2,body,2,1,multipara,multipara,0,
koreakr-156754183,hwpx,ko,3,body,12,6,plain,,0,
koreakr-156754183,hwpx,ko,4,body,1,3,plain,,0,
koreakr-156754183,hwpx,ko,5,body,4,6,plain,info:anchor paragraph has text,0,
koreakr-156754183,hwpx,ko,6,body,2,4,plain,,0,
koreakr-156754185,hwpx,ko,0,body,1,3,plain,,0,
koreakr-156754185,hwpx,ko,1,body,1,4,plain,,0,
koreakr-156754185,hwpx,ko,2,body,2,1,plain,,0,
koreakr-156754185,hwpx,ko,3,body,2,6,plain,,0,
koreakr-156754187,hwpx,ko,0,body,1,3,plain,,0,
koreakr-156754187,hwpx,ko,1,body,1,3,plain,,0,
koreakr-156754187,hwpx,ko,2,body,2,1,multipara,multipara,0,
koreakr-156754187,hwpx,ko,3,body,2,6,merged,merged,0,
koreakr-156754187,hwpx,ko,4,body,1,3,plain,,0,
koreakr-156754187,hwpx,ko,5,body,8,4,multipara,merged;multipara,0,
koreakr-156754187,hwpx,ko,6,body,1,3,plain,,0,
koreakr-156754188,hwpx,ko,0,body,1,3,plain,,0,
koreakr-156754188,hwpx,ko,1,body,1,3,plain,,0,
koreakr-156754188,hwpx,ko,2,body,2,1,plain,,0,
koreakr-156754188,hwpx,ko,3,body,3,6,merged,merged,0,
koreakr-156754188,hwpx,ko,4,body,1,1,plain,,0,
koreakr-156754188,hwpx,ko,5,body,6,3,plain,,0,
koreakr-156754188,hwpx,ko,6,body,1,1,plain,,0,
koreakr-156754189,hwpx,ko,0,body,1,3,plain,,0,
koreakr-156754189,hwpx,ko,1,body,1,3,plain,,0,
koreakr-156754189,hwpx,ko,2,body,2,1,multipara,multipara,0,
koreakr-156754189,hwpx,ko,3,body,4,6,merged,merged,0,
koreakr-156754189,hwpx,ko,4,body,1,3,plain,,0,
koreakr-156754189,hwpx,ko,5,body,5,6,multipara,merged;multipara,0,
koreakr-156754190,hwpx,ko,0,body,1,3,plain,,0,
koreakr-156754190,hwpx,ko,1,body,1,3,plain,,0,
koreakr-156754190,hwpx,ko,2,body,2,1,multipara,multipara,0,
koreakr-156754190,hwpx,ko,3,body,3,6,merged,merged,0,
koreakr-156754190,hwpx,ko,4,body,1,3,plain,,0,
koreakr-156754190,hwpx,ko,5,body,5,2,merged,merged,0,
koreakr-156754190,hwpx,ko,6,body,1,3,plain,,0,
koreakr-156754190,hwpx,ko,7,body,14,4,multipara,merged;multipara,0,
koreakr-156754191,hwpx,ko,0,body,1,3,plain,,0,
koreakr-156754191,hwpx,ko,1,body,1,3,plain,,0,
koreakr-156754191,hwpx,ko,2,body,2,1,multipara,multipara,0,
koreakr-156754191,hwpx,ko,3,body,3,6,merged,merged,0,
koreakr-156754191,hwpx,ko,4,body,1,3,plain,info:anchor paragraph holds another table,0,
koreakr-156754191,hwpx,ko,5,body,1,1,plain,info:anchor paragraph holds another table,0,
koreakr-156754194,hwpx,ko,0,body,1,3,plain,,0,
koreakr-156754194,hwpx,ko,1,body,1,4,plain,,0,
koreakr-156754194,hwpx,ko,2,body,2,1,plain,,0,
koreakr-156754194,hwpx,ko,3,body,3,3,multipara,merged;multipara,0,
koreakr-156754194,hwpx,ko,4,body,3,6,multipara,merged;multipara,0,
koreakr-156754194,hwpx,ko,5,body,1,3,plain,,0,
koreakr-156754194,hwpx,ko,6,body,1,1,multipara,multipara,0,
koreakr-156754194,hwpx,ko,7,body,7,4,multipara,merged;multipara,0,
koreakr-156754205,hwpx,ko,0,body,1,3,plain,,0,
koreakr-156754205,hwpx,ko,1,body,1,4,plain,,0,
koreakr-156754205,hwpx,ko,2,body,2,1,multipara,multipara,0,
koreakr-156754205,hwpx,ko,3,body,2,6,plain,,0,
koreakr-156754206,hwpx,ko,0,body,1,3,plain,,0,
koreakr-156754206,hwpx,ko,1,body,1,4,plain,,0,
koreakr-156754206,hwpx,ko,2,body,2,1,multipara,multipara,0,
koreakr-156754206,hwpx,ko,3,body,1,1,multipara,info:field in cell;multipara,0,
koreakr-156754206,hwpx,ko,4,body,1,1,multipara,multipara,0,
koreakr-156754206,hwpx,ko,5,body,2,6,plain,,0,
koreakr-156754206,hwpx,ko,6,body,1,3,plain,,0,
koreakr-156754206,hwpx,ko,7,body,1,3,plain,,0,
koreakr-156754206,hwpx,ko,8,body,12,5,multipara,merged;multipara,0,
koreakr-156754209,hwpx,ko,0,body,1,3,plain,,0,
koreakr-156754209,hwpx,ko,1,body,1,4,multipara,multipara,0,
koreakr-156754209,hwpx,ko,2,body,2,1,plain,,0,
koreakr-156754209,hwpx,ko,3,body,2,6,plain,,0,
koreakr-156754209,hwpx,ko,4,body,1,3,plain,,0,
koreakr-156754209,hwpx,ko,5,body,1,1,multipara,multipara,0,
koreakr-156754209,hwpx,ko,6,body,1,1,nested,multipara;nested,1,
koreakr-156754209,hwpx,ko,7,body,1,3,plain,,0,
koreakr-156754209,hwpx,ko,8,body,3,2,plain,,0,
koreakr-156754209,hwpx,ko,9,body,1,3,plain,,0,
koreakr-156754209,hwpx,ko,10,body,6,4,merged,merged,0,
koreakr-156754209,hwpx,ko,11,body,1,3,plain,,0,
koreakr-156754209,hwpx,ko,12,body,1,1,plain,,0,
koreakr-156754209,hwpx,ko,13,body,3,7,merged,merged,0,
koreakr-156754209,hwpx,ko,14,body,2,4,multipara,multipara,0,
koreakr-156754209,hwpx,ko,15,body,1,1,plain,,0,
koreakr-156754209,hwpx,ko,16,body,4,2,multipara,merged;multipara,0,
koreakr-156754209,hwpx,ko,17,body,3,8,merged,merged,0,
koreakr-156754209,hwpx,ko,18,body,2,4,multipara,multipara,0,
koreakr-156754209,hwpx,ko,19,body,3,3,nested,merged;multipara;nested,2,
koreakr-156754209,hwpx,ko,20,body,1,3,plain,,0,
koreakr-156754209,hwpx,ko,21,body,1,3,plain,,0,
koreakr-156754209,hwpx,ko,22,body,1,1,plain,,0,
koreakr-156754209,hwpx,ko,23,body,1,1,plain,,0,
koreakr-156754209,hwpx,ko,24,body,1,1,multipara,info:field in cell;multipara,0,
koreakr-156754209,hwpx,ko,25,body,2,9,multipara,merged;multipara,0,
koreakr-156754209,hwpx,ko,26,body,1,1,multipara,multipara,0,
koreakr-156754209,hwpx,ko,27,body,25,6,multipara,merged;multipara,0,
koreakr-156754209,hwpx,ko,28,body,1,1,multipara,multipara,0,
koreakr-156754209,hwpx,ko,29,body,3,2,plain,,0,
koreakr-156754209,hwpx,ko,30,body,1,3,plain,,0,
koreakr-156754209,hwpx,ko,31,body,2,1,nested,info:field in cell;nested,2,
koreakr-156754209,hwpx,ko,32,body,1,3,plain,,0,
koreakr-156754209,hwpx,ko,33,body,1,1,multipara,info:field in cell;multipara,0,
koreakr-156754209,hwpx,ko,34,body,5,3,merged,merged,0,
koreakr-156754209,hwpx,ko,35,body,1,1,multipara,multipara,0,
koreakr-156754210,hwpx,ko,0,body,1,3,plain,,0,
koreakr-156754210,hwpx,ko,1,body,1,1,plain,,0,
koreakr-156754210,hwpx,ko,2,body,2,1,multipara,multipara,0,
koreakr-156754210,hwpx,ko,3,body,2,6,plain,,0,
koreakr-156754210,hwpx,ko,4,body,1,3,plain,,0,
koreakr-156754210,hwpx,ko,5,body,1,3,plain,,0,
koreakr-156754210,hwpx,ko,6,body,7,5,multipara,multipara,0,
koreakr-156754211,hwpx,ko,0,body,1,3,plain,,0,
koreakr-156754211,hwpx,ko,1,body,1,4,plain,,0,
koreakr-156754211,hwpx,ko,2,body,2,1,multipara,multipara,0,
koreakr-156754211,hwpx,ko,3,body,1,1,multipara,multipara,0,
koreakr-156754211,hwpx,ko,4,body,2,6,merged,merged,0,
koreakr-156754212,hwpx,ko,0,body,1,3,plain,,0,
koreakr-156754212,hwpx,ko,1,body,1,4,plain,,0,
koreakr-156754212,hwpx,ko,2,body,2,1,plain,,0,
koreakr-156754212,hwpx,ko,3,body,2,6,plain,,0,
koreakr-156754214,hwpx,ko,0,body,1,3,plain,,0,
koreakr-156754214,hwpx,ko,1,body,1,4,plain,,0,
koreakr-156754214,hwpx,ko,2,body,2,1,plain,,0,
koreakr-156754214,hwpx,ko,3,body,2,6,plain,,0,
koreakr-156754216,hwpx,ko,0,body,1,3,plain,,0,
koreakr-156754216,hwpx,ko,1,body,1,4,plain,,0,
koreakr-156754216,hwpx,ko,2,body,2,1,plain,,0,
koreakr-156754216,hwpx,ko,3,body,2,6,plain,,0,
koreakr-156754222,hwpx,ko,0,body,1,3,plain,,0,
koreakr-156754222,hwpx,ko,1,body,1,4,plain,,0,
koreakr-156754222,hwpx,ko,2,body,2,1,plain,,0,
koreakr-156754222,hwpx,ko,3,body,2,6,plain,,0,
koreakr-156754222,hwpx,ko,4,body,1,1,plain,,0,
koreakr-156754222,hwpx,ko,5,body,6,4,plain,,0,
koreakr-156754228,hwpx,ko,0,body,1,3,plain,,0,
koreakr-156754228,hwpx,ko,1,body,1,5,multipara,multipara,0,
koreakr-156754228,hwpx,ko,2,body,2,1,multipara,multipara,0,
koreakr-156754228,hwpx,ko,3,body,4,6,merged,merged,0,
koreakr-156754228,hwpx,ko,4,body,1,3,plain,,0,
koreakr-156754228,hwpx,ko,5,body,1,3,plain,,0,
koreakr-156754228,hwpx,ko,6,body,2,7,plain,,0,
koreakr-156754228,hwpx,ko,7,body,1,1,plain,,0,
koreakr-156754228,hwpx,ko,8,body,1,3,plain,,0,
koreakr-156754228,hwpx,ko,9,body,1,3,plain,,0,
koreakr-156754228,hwpx,ko,10,body,1,1,multipara,multipara,0,
koreakr-156754228,hwpx,ko,11,body,1,3,plain,,0,
koreakr-156754228,hwpx,ko,12,body,1,2,plain,,0,
koreakr-156754228,hwpx,ko,13,body,9,3,multipara,merged;multipara,0,
koreakr-156754235,hwpx,ko,0,body,1,3,plain,,0,
koreakr-156754235,hwpx,ko,1,body,1,4,plain,,0,
koreakr-156754235,hwpx,ko,2,body,2,1,multipara,multipara,0,
koreakr-156754235,hwpx,ko,3,body,2,1,multipara,multipara,0,
koreakr-156754235,hwpx,ko,4,body,7,6,multipara,merged;multipara,0,
koreakr-156754235,hwpx,ko,5,body,1,3,plain,,0,
koreakr-156754235,hwpx,ko,6,body,1,1,nested,multipara;nested,1,
koreakr-156754235,hwpx,ko,7,body,1,3,plain,,0,
koreakr-156754235,hwpx,ko,8,body,2,3,multipara,merged;multipara,0,
koreakr-156754235,hwpx,ko,9,body,2,3,multipara,merged;multipara,0,
koreakr-156754235,hwpx,ko,10,body,2,3,multipara,merged;multipara,0,
koreakr-156754235,hwpx,ko,11,body,2,3,multipara,merged;multipara,0,
koreakr-156754235,hwpx,ko,12,body,2,3,multipara,merged;multipara,0,
koreakr-156754235,hwpx,ko,13,body,1,3,plain,,0,
koreakr-156754235,hwpx,ko,14,body,1,1,nested,multipara;nested,1,
koreakr-156754237,hwpx,ko,0,body,1,3,plain,,0,
koreakr-156754237,hwpx,ko,1,body,1,2,plain,,0,
koreakr-156754237,hwpx,ko,2,body,2,1,plain,,0,
koreakr-156754237,hwpx,ko,3,body,2,6,plain,,0,
koreakr-156754237,hwpx,ko,4,body,1,3,plain,,0,
koreakr-156754237,hwpx,ko,5,body,2,2,multipara,multipara,0,
koreakr-156754238,hwpx,ko,0,body,1,3,plain,info:anchor paragraph holds another table,0,
koreakr-156754238,hwpx,ko,1,body,1,4,plain,info:anchor paragraph holds another table,0,
koreakr-156754238,hwpx,ko,2,body,2,1,plain,,0,
koreakr-156754238,hwpx,ko,3,body,3,3,multipara,merged;multipara,0,
koreakr-156754238,hwpx,ko,4,body,1,1,plain,,0,
koreakr-156754238,hwpx,ko,5,body,1,1,plain,,0,
koreakr-156754238,hwpx,ko,6,body,1,1,plain,,0,
koreakr-156754238,hwpx,ko,7,body,1,1,plain,,0,
koreakr-156754238,hwpx,ko,8,body,1,1,plain,,0,
koreakr-156754238,hwpx,ko,9,body,2,6,plain,,0,
koreakr-156754238,hwpx,ko,10,body,1,3,plain,,0,
koreakr-156754238,hwpx,ko,11,body,7,4,multipara,merged;multipara,0,
koreakr-156754238,hwpx,ko,12,body,1,3,plain,,0,
koreakr-156754238,hwpx,ko,13,body,6,2,plain,,0,
koreakr-156754239,hwpx,ko,0,body,1,3,multipara,multipara,0,
koreakr-156754239,hwpx,ko,1,body,1,4,plain,,0,
koreakr-156754239,hwpx,ko,2,body,2,1,multipara,multipara,0,
koreakr-156754239,hwpx,ko,3,body,4,6,plain,,0,
koreakr-156754239,hwpx,ko,4,body,1,3,plain,,0,
koreakr-156754241,hwpx,ko,0,body,1,3,multipara,multipara,0,
koreakr-156754241,hwpx,ko,1,body,2,2,merged,merged,0,
koreakr-156754241,hwpx,ko,2,body,2,1,multipara,multipara,0,
koreakr-156754241,hwpx,ko,3,body,4,6,plain,,0,
koreakr-156754241,hwpx,ko,4,body,1,3,plain,,0,
koreakr-156754244,hwpx,ko,0,body,1,3,plain,,0,
koreakr-156754244,hwpx,ko,1,body,1,4,plain,,0,
koreakr-156754244,hwpx,ko,2,body,2,1,plain,,0,
koreakr-156754244,hwpx,ko,3,body,2,7,multipara,multipara,0,
koreakr-156754244,hwpx,ko,4,body,2,6,plain,,0,
koreakr-156754244,hwpx,ko,5,body,1,3,plain,,0,
koreakr-156754244,hwpx,ko,6,body,6,4,multipara,merged;multipara,0,
koreakr-156754246,hwpx,ko,0,body,1,3,plain,,0,
koreakr-156754246,hwpx,ko,1,body,1,4,plain,,0,
koreakr-156754246,hwpx,ko,2,body,2,1,multipara,multipara,0,
koreakr-156754246,hwpx,ko,3,body,2,6,merged,merged,0,
koreakr-156754246,hwpx,ko,4,body,1,3,plain,,0,
koreakr-156754246,hwpx,ko,5,body,6,6,multipara,merged;multipara,0,
koreakr-156754248,hwpx,ko,0,body,1,3,multipara,multipara,0,
koreakr-156754248,hwpx,ko,1,body,1,4,plain,,0,
koreakr-156754248,hwpx,ko,2,body,1,1,multipara,multipara,0,
koreakr-156754248,hwpx,ko,3,body,2,6,plain,,0,
koreakr-156754248,hwpx,ko,4,body,3,3,multipara,multipara,0,
koreakr-156754248,hwpx,ko,5,body,2,3,merged,merged,0,
koreakr-156754249,hwpx,ko,0,body,1,3,plain,,0,
koreakr-156754249,hwpx,ko,1,body,1,4,plain,,0,
koreakr-156754249,hwpx,ko,2,body,2,1,multipara,multipara,0,
koreakr-156754249,hwpx,ko,3,body,4,6,merged,merged,0,
koreakr-156754250,hwpx,ko,0,body,1,3,plain,,0,
koreakr-156754250,hwpx,ko,1,body,1,4,plain,,0,
koreakr-156754250,hwpx,ko,2,body,2,1,multipara,multipara,0,
koreakr-156754250,hwpx,ko,3,body,2,6,plain,,0,
koreakr-156754250,hwpx,ko,4,body,2,6,plain,,0,
koreakr-156754250,hwpx,ko,5,body,2,6,plain,,0,
koreakr-156754250,hwpx,ko,6,body,3,6,merged,merged,0,
koreakr-156754250,hwpx,ko,7,body,2,6,plain,,0,
koreakr-156754250,hwpx,ko,8,body,2,6,plain,,0,
koreakr-156754251,hwpx,ko,0,body,1,3,plain,,0,
koreakr-156754251,hwpx,ko,1,body,1,4,plain,,0,
koreakr-156754251,hwpx,ko,2,body,2,1,multipara,multipara,0,
koreakr-156754251,hwpx,ko,3,body,2,6,plain,,0,
koreakr-156754251,hwpx,ko,4,body,1,3,plain,,0,
koreakr-156754251,hwpx,ko,5,body,1,1,plain,,0,
koreakr-156754251,hwpx,ko,6,body,1,1,plain,,0,
koreakr-156754251,hwpx,ko,7,body,1,1,plain,,0,
koreakr-156754252,hwpx,ko,0,body,1,2,plain,,0,
koreakr-156754252,hwpx,ko,1,body,1,3,plain,,0,
koreakr-156754252,hwpx,ko,2,body,1,3,plain,,0,
koreakr-156754252,hwpx,ko,3,body,1,1,plain,,0,
koreakr-156754252,hwpx,ko,4,body,7,6,multipara,merged;multipara,0,
koreakr-156754252,hwpx,ko,5,body,3,3,multipara,merged;multipara,0,
koreakr-156754252,hwpx,ko,6,body,3,3,multipara,merged;multipara,0,
koreakr-156754252,hwpx,ko,7,body,2,1,plain,,0,
koreakr-156754252,hwpx,ko,8,body,1,3,plain,,0,
koreakr-156754252,hwpx,ko,9,body,1,1,plain,,0,
koreakr-156754252,hwpx,ko,10,body,2,2,plain,,0,
koreakr-156754252,hwpx,ko,11,body,18,10,multipara,merged;multipara,0,
koreakr-156754252,hwpx,ko,12,body,2,2,plain,,0,
koreakr-156754252,hwpx,ko,13,body,10,10,multipara,merged;multipara,0,
koreakr-156754252,hwpx,ko,14,body,9,10,multipara,merged;multipara,0,
koreakr-156754252,hwpx,ko,15,body,9,10,multipara,merged;multipara,0,
koreakr-156754252,hwpx,ko,16,body,7,10,multipara,merged;multipara,0,
koreakr-156754252,hwpx,ko,17,body,6,10,multipara,merged;multipara,0,
koreakr-156754252,hwpx,ko,18,body,7,10,multipara,merged;multipara,0,
koreakr-156754252,hwpx,ko,19,body,7,10,multipara,merged;multipara,0,
koreakr-156754252,hwpx,ko,20,body,9,10,multipara,merged;multipara,0,
koreakr-156754252,hwpx,ko,21,body,8,10,multipara,merged;multipara,0,
koreakr-156754252,hwpx,ko,22,body,6,10,multipara,merged;multipara,0,
koreakr-156754252,hwpx,ko,23,body,10,10,multipara,merged;multipara,0,
koreakr-156754252,hwpx,ko,24,body,8,10,multipara,merged;multipara,0,
koreakr-156754252,hwpx,ko,25,body,8,10,multipara,merged;multipara,0,
koreakr-156754252,hwpx,ko,26,body,1,1,plain,,0,
koreakr-156754252,hwpx,ko,27,body,2,2,plain,,0,
koreakr-156754252,hwpx,ko,28,body,18,10,multipara,merged;multipara,0,
koreakr-156754252,hwpx,ko,29,body,2,2,plain,,0,
koreakr-156754252,hwpx,ko,30,body,7,10,multipara,merged;multipara,0,
koreakr-156754252,hwpx,ko,31,body,8,10,multipara,merged;multipara,0,
koreakr-156754252,hwpx,ko,32,body,8,11,multipara,merged;multipara,0,
koreakr-156754252,hwpx,ko,33,body,10,10,multipara,merged;multipara,0,
koreakr-156754252,hwpx,ko,34,body,7,10,multipara,merged;multipara,0,
koreakr-156754252,hwpx,ko,35,body,6,11,multipara,merged;multipara,0,
koreakr-156754252,hwpx,ko,36,body,8,13,multipara,merged;multipara,0,
koreakr-156754252,hwpx,ko,37,body,7,12,multipara,merged;multipara,0,
koreakr-156754252,hwpx,ko,38,body,9,10,multipara,merged;multipara,0,
koreakr-156754252,hwpx,ko,39,body,9,10,multipara,merged;multipara,0,
koreakr-156754252,hwpx,ko,40,body,8,11,multipara,merged;multipara,0,
koreakr-156754252,hwpx,ko,41,body,10,11,multipara,merged;multipara,0,
koreakr-156754252,hwpx,ko,42,body,7,10,multipara,merged;multipara,0,
koreakr-156754252,hwpx,ko,43,body,1,1,plain,,0,
koreakr-156754252,hwpx,ko,44,body,6,10,multipara,merged;multipara,0,
koreakr-156754252,hwpx,ko,45,body,1,1,plain,,0,
koreakr-156754252,hwpx,ko,46,body,10,10,multipara,merged;multipara,0,
koreakr-156754252,hwpx,ko,47,body,3,2,merged,merged,0,
koreakr-156754252,hwpx,ko,48,body,1,3,plain,,0,
koreakr-156754252,hwpx,ko,49,body,23,10,multipara,merged;multipara,0,
koreakr-156754252,hwpx,ko,50,body,23,10,multipara,merged;multipara,0,
koreakr-156754252,hwpx,ko,51,body,1,3,plain,,0,
koreakr-156754252,hwpx,ko,52,body,5,8,multipara,merged;multipara,0,
koreakr-156754252,hwpx,ko,53,body,21,10,multipara,merged;multipara,0,
koreakr-156754252,hwpx,ko,54,body,10,10,multipara,merged;multipara,0,
koreakr-156754252,hwpx,ko,55,body,2,1,plain,,0,
koreakr-156754252,hwpx,ko,56,body,1,1,plain,,0,
koreakr-156754252,hwpx,ko,57,body,1,1,nested,multipara;nested,1,
koreakr-156754252,hwpx,ko,58,body,1,2,plain,,0,
koreakr-156754252,hwpx,ko,59,body,38,9,plain,,0,
koreakr-156754252,hwpx,ko,60,body,38,9,plain,,0,
koreakr-156754252,hwpx,ko,61,body,38,9,plain,,0,
koreakr-156754252,hwpx,ko,62,body,39,11,multipara,merged;multipara,0,
koreakr-156754252,hwpx,ko,63,body,39,13,multipara,merged;multipara,0,
koreakr-156754252,hwpx,ko,64,body,39,11,multipara,info:anchor paragraph has text;merged;multipara,0,
koreakr-156754252,hwpx,ko,65,body,39,14,multipara,merged;multipara,0,
koreakr-156754252,hwpx,ko,66,body,39,25,multipara,merged;multipara,0,
koreakr-156754252,hwpx,ko,67,body,39,16,multipara,merged;multipara,0,
koreakr-156754252,hwpx,ko,68,body,39,14,multipara,merged;multipara,0,
koreakr-156754252,hwpx,ko,69,body,39,16,multipara,merged;multipara,0,
koreakr-156754252,hwpx,ko,70,body,39,15,multipara,merged;multipara,0,
koreakr-156754252,hwpx,ko,71,body,39,15,multipara,merged;multipara,0,
koreakr-156754252,hwpx,ko,72,body,39,13,multipara,merged;multipara,0,
koreakr-156754252,hwpx,ko,73,body,39,14,multipara,merged;multipara,0,
koreakr-156754252,hwpx,ko,74,body,39,15,multipara,merged;multipara,0,
koreakr-156754252,hwpx,ko,75,body,39,15,multipara,merged;multipara,0,
koreakr-156754252,hwpx,ko,76,body,39,13,multipara,merged;multipara,0,
koreakr-156754252,hwpx,ko,77,body,39,14,multipara,merged;multipara,0,
koreakr-156754252,hwpx,ko,78,body,40,13,merged,merged,0,
koreakr-156754252,hwpx,ko,79,body,38,7,plain,,0,
koreakr-156754252,hwpx,ko,80,body,38,7,plain,,0,
koreakr-156754252,hwpx,ko,81,body,38,7,plain,,0,
koreakr-156754252,hwpx,ko,82,body,38,10,multipara,multipara,0,
koreakr-156754252,hwpx,ko,83,body,38,10,multipara,multipara,0,
koreakr-156754252,hwpx,ko,84,body,38,10,multipara,multipara,0,
koreakr-156754252,hwpx,ko,85,body,38,10,multipara,multipara,0,
koreakr-156754252,hwpx,ko,86,body,38,10,multipara,multipara,0,
koreakr-156754252,hwpx,ko,87,body,38,10,multipara,multipara,0,
koreakr-156754252,hwpx,ko,88,body,38,10,multipara,multipara,0,
koreakr-156754252,hwpx,ko,89,body,38,10,multipara,multipara,0,
koreakr-156754252,hwpx,ko,90,body,1,1,plain,info:anchor paragraph has text,0,
koreakr-156754252,hwpx,ko,91,body,39,11,multipara,merged;multipara,0,
koreakr-156754252,hwpx,ko,92,body,39,11,multipara,merged;multipara,0,
koreakr-156754252,hwpx,ko,93,body,38,11,multipara,multipara,0,
koreakr-156754252,hwpx,ko,94,body,38,11,multipara,multipara,0,
koreakr-156754252,hwpx,ko,95,body,38,11,multipara,multipara,0,
koreakr-156754252,hwpx,ko,96,body,38,11,multipara,multipara,0,
koreakr-156754252,hwpx,ko,97,body,1,2,plain,info:anchor paragraph holds another table,0,
koreakr-156754252,hwpx,ko,98,body,4,3,multipara,info:anchor paragraph holds another table;merged;multipara,0,
koreakr-156754252,hwpx,ko,99,body,4,3,nested,merged;multipara;nested,1,
koreakr-156754252,hwpx,ko,100,body,1,2,plain,,0,
koreakr-156754252,hwpx,ko,101,body,26,6,merged,merged,0,
koreakr-156754252,hwpx,ko,102,body,23,6,plain,,0,
koreakr-156754252,hwpx,ko,103,body,1,2,plain,,0,
koreakr-156754252,hwpx,ko,104,body,3,12,multipara,merged;multipara,0,
koreakr-156754253,hwpx,ko,0,body,1,3,plain,,0,
koreakr-156754253,hwpx,ko,1,body,1,3,plain,,0,
koreakr-156754253,hwpx,ko,2,body,2,1,multipara,multipara,0,
koreakr-156754253,hwpx,ko,3,body,3,6,merged,merged,0,
koreakr-156754256,hwpx,ko,0,body,1,3,plain,,0,
koreakr-156754256,hwpx,ko,1,body,1,4,plain,,0,
koreakr-156754256,hwpx,ko,2,body,2,1,multipara,multipara,0,
koreakr-156754256,hwpx,ko,3,body,3,3,multipara,merged;multipara,0,
koreakr-156754256,hwpx,ko,4,body,5,15,multipara,merged;multipara,0,
koreakr-156754256,hwpx,ko,5,body,2,3,plain,,0,
koreakr-156754256,hwpx,ko,6,body,10,3,multipara,merged;multipara,0,
koreakr-156754256,hwpx,ko,7,body,2,6,multipara,merged;multipara,0,
koreakr-156754256,hwpx,ko,8,body,1,3,plain,,0,
koreakr-156754259,hwpx,ko,0,body,1,3,plain,,0,
koreakr-156754259,hwpx,ko,1,body,1,4,plain,,0,
koreakr-156754259,hwpx,ko,2,body,2,1,multipara,multipara,0,
koreakr-156754259,hwpx,ko,3,body,5,6,merged,merged,0,
koreakr-156754259,hwpx,ko,4,body,1,3,plain,,0,
koreakr-156754259,hwpx,ko,5,body,1,3,plain,,0,
koreakr-156754259,hwpx,ko,6,body,2,2,plain,,0,
koreakr-156754261,hwpx,ko,0,body,1,3,plain,,0,
koreakr-156754261,hwpx,ko,1,body,1,4,multipara,multipara,0,
koreakr-156754261,hwpx,ko,2,body,2,1,plain,,0,
koreakr-156754261,hwpx,ko,3,body,2,1,multipara,multipara,0,
koreakr-156754261,hwpx,ko,4,body,3,6,merged,merged,0,
koreakr-156754263,hwpx,ko,0,body,1,3,multipara,multipara,0,
koreakr-156754263,hwpx,ko,1,body,1,4,plain,,0,
koreakr-156754263,hwpx,ko,2,body,2,1,plain,,0,
koreakr-156754263,hwpx,ko,3,body,2,6,plain,,0,
koreakr-156754265,hwpx,ko,0,body,1,3,multipara,multipara,0,
koreakr-156754265,hwpx,ko,1,body,1,2,plain,,0,
koreakr-156754265,hwpx,ko,2,body,2,1,multipara,multipara,0,
koreakr-156754265,hwpx,ko,3,body,2,6,plain,,0,
koreakr-156754265,hwpx,ko,4,body,1,3,plain,,0,
koreakr-156754266,hwpx,ko,0,body,1,3,plain,,0,
koreakr-156754266,hwpx,ko,1,body,1,4,plain,,0,
koreakr-156754266,hwpx,ko,2,body,1,1,multipara,multipara,0,
koreakr-156754266,hwpx,ko,3,body,2,6,merged,merged,0,
koreakr-156754267,hwpx,ko,0,body,1,3,plain,,0,
koreakr-156754267,hwpx,ko,1,body,1,4,plain,info:anchor paragraph holds another table,0,
koreakr-156754267,hwpx,ko,2,body,2,1,multipara,info:anchor paragraph holds another table;multipara,0,
koreakr-156754267,hwpx,ko,3,body,2,4,merged,merged,0,
koreakr-156754267,hwpx,ko,4,body,2,6,merged,merged,0,
koreakr-156754267,hwpx,ko,5,body,1,3,plain,,0,
koreakr-156754275,hwpx,ko,0,body,1,3,plain,info:anchor paragraph holds another table,0,
koreakr-156754275,hwpx,ko,1,body,1,4,plain,info:anchor paragraph holds another table,0,
koreakr-156754275,hwpx,ko,2,body,2,1,multipara,info:anchor paragraph holds another table;multipara,0,
koreakr-156754275,hwpx,ko,3,body,2,8,merged,merged,0,
koreakr-156754275,hwpx,ko,4,body,4,10,merged,merged,0,
koreakr-156754277,hwpx,ko,0,body,1,3,plain,,0,
koreakr-156754277,hwpx,ko,1,body,1,4,plain,,0,
koreakr-156754277,hwpx,ko,2,body,2,1,multipara,multipara,0,
koreakr-156754277,hwpx,ko,3,body,2,6,plain,,0,
koreakr-156754277,hwpx,ko,4,body,1,3,plain,,0,
koreakr-156754277,hwpx,ko,5,body,2,1,plain,,0,
koreakr-156754278,hwpx,ko,0,body,1,3,plain,,0,
koreakr-156754278,hwpx,ko,1,body,1,4,plain,,0,
koreakr-156754278,hwpx,ko,2,body,2,1,multipara,multipara,0,
koreakr-156754278,hwpx,ko,3,body,6,6,plain,,0,
koreakr-156754279,hwpx,ko,0,body,1,3,plain,,0,
koreakr-156754279,hwpx,ko,1,body,1,4,plain,,0,
koreakr-156754279,hwpx,ko,2,body,2,1,plain,,0,
koreakr-156754279,hwpx,ko,3,body,2,6,plain,,0,
koreakr-156754280,hwpx,ko,0,body,1,3,plain,,0,
koreakr-156754280,hwpx,ko,1,body,1,4,plain,,0,
koreakr-156754280,hwpx,ko,2,body,2,1,multipara,multipara,0,
koreakr-156754280,hwpx,ko,3,body,2,6,plain,,0,
koreakr-156754281,hwpx,ko,0,body,1,3,plain,,0,
koreakr-156754281,hwpx,ko,1,body,1,4,plain,,0,
koreakr-156754281,hwpx,ko,2,body,2,1,multipara,multipara,0,
koreakr-156754281,hwpx,ko,3,body,4,6,merged,merged,0,
koreakr-156754282,hwpx,ko,0,body,1,3,plain,,0,
koreakr-156754282,hwpx,ko,1,body,1,1,plain,,0,
koreakr-156754282,hwpx,ko,2,body,2,1,multipara,multipara,0,
koreakr-156754282,hwpx,ko,3,body,4,6,plain,,0,
koreakr-156754282,hwpx,ko,4,body,1,3,plain,,0,
koreakr-156754286,hwpx,ko,0,body,1,3,plain,,0,
koreakr-156754286,hwpx,ko,1,body,1,4,multipara,multipara,0,
koreakr-156754286,hwpx,ko,2,body,2,1,plain,,0,
koreakr-156754286,hwpx,ko,3,body,2,6,plain,,0,
koreakr-156754287,hwpx,ko,0,body,1,3,plain,,0,
koreakr-156754287,hwpx,ko,1,body,2,1,multipara,multipara,0,
koreakr-156754287,hwpx,ko,2,body,3,6,multipara,merged;multipara,0,
koreakr-156754287,hwpx,ko,3,body,1,3,plain,,0,
koreakr-156754290,hwpx,ko,0,body,1,3,multipara,multipara,0,
koreakr-156754290,hwpx,ko,1,body,2,2,merged,merged,0,
koreakr-156754290,hwpx,ko,2,body,2,1,multipara,multipara,0,
koreakr-156754290,hwpx,ko,3,body,2,6,plain,,0,
koreakr-156754290,hwpx,ko,4,body,1,3,plain,,0,
koreakr-156754291,hwpx,ko,0,body,1,3,plain,,0,
koreakr-156754291,hwpx,ko,1,body,1,1,plain,,0,
koreakr-156754291,hwpx,ko,2,body,2,1,multipara,multipara,0,
koreakr-156754291,hwpx,ko,3,body,4,6,plain,,0,
koreakr-156754291,hwpx,ko,4,textbox,1,3,plain,,0,
govdocs1-014760,docx,en,0,body,75,7,grid,grid:gridAfter;grid:gridBefore;marker:row-level;merged;multipara,0,gridBefore/gridAfter
govdocs1-014760,docx,en,1,body,21,4,multipara,marker:row-level;merged;multipara,0,row-level bookmarkStart
govdocs1-014760,docx,en,2,body,6,1,multipara,multipara,0,cell with 10 blocks
govdocs1-017091,docx,en,0,body,3,2,multipara,multipara,0,cell with 2 blocks
govdocs1-017097,docx,en,0,body,5,1,nested,nested,47,cell holds tbl
govdocs1-017097,docx,en,1,body,1,1,plain,,0,
govdocs1-018367,docx,en,0,body,33,8,grid,grid:gridBefore;merged;multipara,0,cell with 3 blocks
govdocs1-018371,docx,en,0,body,11,3,merged,merged,0,
govdocs1-018371,docx,en,1,body,13,3,merged,merged,0,
govdocs1-018371,docx,en,2,body,9,3,merged,merged,0,
govdocs1-018371,docx,en,3,body,7,3,multipara,merged;multipara,0,cell with 2 blocks
govdocs1-018371,docx,en,4,body,3,3,merged,merged,0,
govdocs1-018371,docx,en,5,body,4,3,merged,merged,0,
govdocs1-018371,docx,en,6,body,7,3,merged,merged,0,
govdocs1-018371,docx,en,7,body,4,3,merged,merged,0,
govdocs1-018371,docx,en,8,body,11,3,multipara,merged;multipara,0,cell with 2 blocks
govdocs1-018371,docx,en,9,body,14,3,merged,merged,0,
govdocs1-018371,docx,en,10,body,10,3,merged,merged,0,
govdocs1-037025,docx,en,0,body,7,7,grid,grid:gridAfter;merged;multipara,0,cell with 2 blocks
govdocs1-037025,docx,en,1,body,7,7,grid,grid:gridAfter;merged;multipara,0,gridBefore/gridAfter
govdocs1-037025,docx,en,2,body,7,7,grid,grid:gridAfter;merged;multipara,0,gridBefore/gridAfter
govdocs1-037025,docx,en,3,body,5,3,multipara,multipara,0,cell with 2 blocks
govdocs1-037824,docx,en,0,body,3,2,plain,,0,
govdocs1-037824,docx,en,1,body,4,2,merged,merged,0,
govdocs1-037824,docx,en,2,body,7,2,multipara,merged;multipara,0,cell with 2 blocks
govdocs1-116733,docx,en,0,body,1,2,multipara,multipara,0,cell with 2 blocks
govdocs1-116733,docx,en,1,body,1,3,multipara,multipara,0,cell with 3 blocks
govdocs1-116733,docx,en,2,body,1,3,multipara,multipara,0,cell with 6 blocks
govdocs1-116733,docx,en,3,body,1,2,plain,,0,
govdocs1-116733,docx,en,4,body,1,1,multipara,multipara,0,cell with 13 blocks
govdocs1-116733,docx,en,5,body,1,1,multipara,multipara,0,cell with 5 blocks
govdocs1-116733,docx,en,6,body,1,3,multipara,multipara,0,cell with 2 blocks
govdocs1-116733,docx,en,7,body,1,2,multipara,multipara,0,cell with 2 blocks
govdocs1-116733,docx,en,8,body,28,10,multipara,merged;multipara,0,cell with 3 blocks
govdocs1-116733,docx,en,9,body,6,2,multipara,merged;multipara,0,cell with 2 blocks
govdocs1-116733,docx,en,10,body,10,6,multipara,merged;multipara,0,cell with 2 blocks
govdocs1-116733,docx,en,11,body,6,7,multipara,multipara,0,cell with 2 blocks
govdocs1-116733,docx,en,12,body,14,7,multipara,merged;multipara,0,cell with 4 blocks
govdocs1-116734,docx,en,0,body,6,7,grid,grid:gridAfter;grid:gridBefore;merged;multipara,0,cell with 2 blocks
govdocs1-116734,docx,en,1,body,4,3,multipara,multipara,0,cell with 2 blocks
govdocs1-116734,docx,en,2,body,14,2,plain,,0,
govdocs1-116734,docx,en,3,body,8,3,plain,,0,
govdocs1-116734,docx,en,4,body,9,9,plain,,0,
govdocs1-116734,docx,en,5,body,21,3,plain,,0,
govdocs1-116734,docx,en,6,body,10,2,plain,,0,
govdocs1-128291,docx,en,0,body,17,4,multipara,merged;multipara,0,cell with 2 blocks
govdocs1-128291,docx,en,1,body,17,4,multipara,merged;multipara,0,cell with 2 blocks
govdocs1-128291,docx,en,2,body,21,3,merged,merged,0,
govdocs1-128291,docx,en,3,body,43,3,merged,merged,0,
govdocs1-128291,docx,en,4,body,57,8,merged,merged,0,
govdocs1-128291,docx,en,5,body,1,1,multipara,multipara,0,cell with 9 blocks
govdocs1-128291,docx,en,6,body,1,1,multipara,multipara,0,cell with 24 blocks
govdocs1-215384,docx,en,0,body,5,6,plain,,0,
govdocs1-223624,docx,en,0,body,36,2,plain,,0,
govdocs1-224039,docx,en,0,body,1,1,multipara,multipara,0,cell with 5 blocks
govdocs1-224363,docx,en,0,body,4,4,plain,,0,
govdocs1-224363,docx,en,1,body,4,4,plain,,0,
govdocs1-224363,docx,en,2,body,4,2,plain,,0,
govdocs1-224363,docx,en,3,body,2,2,multipara,multipara,0,cell with 2 blocks
govdocs1-224939,docx,en,0,body,6,2,multipara,multipara,0,cell with 2 blocks
govdocs1-224939,docx,en,1,body,6,2,plain,,0,
govdocs1-224939,docx,en,2,body,3,2,multipara,multipara,0,cell with 2 blocks
govdocs1-224939,docx,en,3,body,48,5,plain,,0,
govdocs1-224940,docx,en,0,body,15,2,merged,merged,0,
govdocs1-224940,docx,en,1,body,3,1,multipara,multipara,0,cell with 2 blocks
govdocs1-259445,docx,en,0,body,15,2,multipara,merged;multipara,0,cell with 2 blocks
govdocs1-259445,docx,en,1,body,3,1,multipara,multipara,0,cell with 2 blocks
govdocs1-265532,docx,en,0,body,3,7,merged,merged,0,
govdocs1-265532,docx,en,1,body,5,11,multipara,merged;multipara,0,cell with 2 blocks
govdocs1-265532,docx,en,2,body,5,5,multipara,multipara,0,cell with 2 blocks
govdocs1-266907,docx,en,0,body,2,2,plain,,0,
govdocs1-266907,docx,en,1,body,3,2,merged,merged,0,
govdocs1-266907,docx,en,2,body,7,2,multipara,merged;multipara,0,cell with 5 blocks
govdocs1-275128,docx,en,0,body,2,6,plain,,0,
govdocs1-275128,docx,en,1,body,3,6,plain,,0,
govdocs1-278266,docx,en,0,body,28,31,grid,grid:gridAfter;marker:cell-level;marker:row-level;merged;multipara,0,cell with 2 blocks
govdocs1-278266,docx,en,1,body,31,40,grid,grid:gridAfter;marker:row-level;marker:table-level;merged;multipara,0,table-level bookmarkStart
govdocs1-278266,docx,en,2,body,6,8,plain,,0,
govdocs1-278266,docx,en,3,body,8,2,plain,marker:row-level;marker:table-level,0,table-level bookmarkStart
govdocs1-278266,docx,en,4,body,4,2,plain,marker:row-level;marker:table-level,0,table-level bookmarkStart
govdocs1-278266,docx,en,5,body,4,2,plain,,0,
govdocs1-278266,docx,en,6,body,4,2,plain,,0,
govdocs1-278266,docx,en,7,body,4,1,plain,marker:table-level,0,table-level bookmarkStart
govdocs1-278266,docx,en,8,body,4,2,plain,marker:row-level;marker:table-level,0,table-level bookmarkStart
govdocs1-278266,docx,en,9,body,4,2,plain,,0,
govdocs1-278266,docx,en,10,body,3,2,plain,marker:row-level;marker:table-level,0,table-level bookmarkStart
govdocs1-280856,docx,en,0,body,5,8,grid,grid:gridAfter;merged,0,gridBefore/gridAfter
govdocs1-280856,docx,en,1,body,6,9,multipara,merged;multipara,0,cell with 2 blocks
govdocs1-280856,docx,en,2,body,16,6,multipara,merged;multipara,0,cell with 2 blocks
govdocs1-280856,docx,en,3,body,18,5,multipara,merged;multipara,0,cell with 2 blocks
govdocs1-280856,docx,en,4,body,23,6,multipara,merged;multipara,0,cell with 2 blocks
govdocs1-280856,docx,en,5,body,39,4,merged,merged,0,
govdocs1-295148,docx,en,0,body,6,3,multipara,multipara,0,cell with 2 blocks
govdocs1-295148,docx,en,1,body,4,3,multipara,multipara,0,cell with 2 blocks
govdocs1-299759,docx,en,0,body,4,7,merged,merged,0,
govdocs1-313486,docx,en,0,body,7,2,plain,,0,
govdocs1-313486,docx,en,1,body,5,5,plain,,0,
govdocs1-313486,docx,en,2,body,37,3,multipara,marker:table-level;multipara,0,table-level bookmarkEnd
govdocs1-313486,docx,en,3,body,6,2,multipara,multipara,0,cell with 5 blocks
govdocs1-313486,docx,en,4,body,16,4,plain,,0,
govdocs1-313486,docx,en,5,body,4,4,plain,,0,
govdocs1-313486,docx,en,6,body,4,3,plain,,0,
govdocs1-313486,docx,en,7,body,2,3,plain,,0,
govdocs1-313486,docx,en,8,body,2,3,plain,,0,
govdocs1-313486,docx,en,9,body,2,3,plain,,0,
govdocs1-313486,docx,en,10,body,2,3,plain,,0,
govdocs1-313486,docx,en,11,body,50,17,plain,,0,
govdocs1-313486,docx,en,12,body,14,17,plain,,0,
govdocs1-335899,docx,en,0,body,6,3,multipara,multipara,0,cell with 2 blocks
govdocs1-362612,docx,en,0,body,12,2,multipara,multipara,0,cell with 2 blocks
govdocs1-362612,docx,en,1,body,12,2,multipara,multipara,0,cell with 4 blocks
govdocs1-362612,docx,en,2,body,12,2,multipara,multipara,0,cell with 3 blocks
govdocs1-362612,docx,en,3,body,12,2,multipara,multipara,0,cell with 4 blocks
govdocs1-362612,docx,en,4,body,7,2,multipara,multipara,0,cell with 2 blocks
govdocs1-362612,docx,en,5,body,9,2,plain,,0,
govdocs1-362612,docx,en,6,body,2,2,plain,,0,
govdocs1-362612,docx,en,7,body,4,2,plain,,0,
govdocs1-362612,docx,en,8,body,20,3,multipara,multipara,0,cell with 4 blocks
govdocs1-362612,docx,en,9,body,26,3,plain,,0,
govdocs1-362612,docx,en,10,body,33,3,multipara,multipara,0,cell with 3 blocks
govdocs1-362612,docx,en,11,body,32,3,plain,,0,
govdocs1-362612,docx,en,12,body,1,1,multipara,multipara,0,cell with 3 blocks
govdocs1-372437,docx,en,0,body,6,4,plain,,0,
govdocs1-372437,docx,en,1,body,11,2,multipara,multipara,0,cell with 2 blocks
govdocs1-372437,docx,en,2,body,11,2,plain,,0,
govdocs1-380433,docx,en,0,body,9,2,multipara,multipara,0,cell with 10 blocks
govdocs1-380433,docx,en,1,body,5,3,plain,,0,
govdocs1-380433,docx,en,2,body,47,2,plain,,0,
govdocs1-396614,docx,en,0,body,6,12,multipara,merged;multipara,0,cell with 2 blocks
govdocs1-396614,docx,en,1,body,5,6,multipara,multipara,0,cell with 2 blocks
govdocs1-404064,docx,en,0,body,3,7,merged,merged,0,
govdocs1-404064,docx,en,1,body,5,11,multipara,merged;multipara,0,cell with 2 blocks
govdocs1-404064,docx,en,2,body,9,5,multipara,multipara,0,cell with 2 blocks
govdocs1-406729,docx,en,0,body,6,4,plain,,0,
govdocs1-406729,docx,en,1,body,6,4,plain,,0,
govdocs1-406729,docx,en,2,body,6,4,plain,,0,
govdocs1-406729,docx,en,3,body,6,4,plain,,0,
govdocs1-406729,docx,en,4,body,6,4,plain,,0,
govdocs1-406729,docx,en,5,body,6,4,plain,,0,
govdocs1-406729,docx,en,6,body,6,4,plain,,0,
govdocs1-406729,docx,en,7,body,6,4,plain,,0,
govdocs1-406729,docx,en,8,body,6,4,plain,,0,
govdocs1-406729,docx,en,9,body,6,4,plain,,0,
govdocs1-406729,docx,en,10,body,6,4,plain,,0,
govdocs1-406729,docx,en,11,body,6,4,plain,,0,
govdocs1-406729,docx,en,12,body,6,4,plain,,0,
govdocs1-406729,docx,en,13,body,6,4,plain,,0,
govdocs1-406729,docx,en,14,body,6,4,plain,,0,
govdocs1-406729,docx,en,15,body,6,4,plain,,0,
govdocs1-406729,docx,en,16,body,6,4,plain,,0,
govdocs1-406729,docx,en,17,body,6,4,plain,,0,
govdocs1-406729,docx,en,18,body,6,4,plain,,0,
govdocs1-406729,docx,en,19,body,6,4,plain,,0,
govdocs1-406729,docx,en,20,body,6,4,plain,,0,
govdocs1-406729,docx,en,21,body,6,4,plain,,0,
govdocs1-406729,docx,en,22,body,6,4,plain,,0,
govdocs1-406729,docx,en,23,body,6,4,plain,,0,
govdocs1-406729,docx,en,24,body,6,4,plain,,0,
govdocs1-406729,docx,en,25,body,6,4,plain,,0,
govdocs1-406729,docx,en,26,body,6,4,plain,,0,
govdocs1-406729,docx,en,27,body,6,4,plain,,0,
govdocs1-406729,docx,en,28,body,6,4,plain,,0,
govdocs1-406729,docx,en,29,body,6,4,plain,,0,
govdocs1-406729,docx,en,30,body,6,4,plain,,0,
govdocs1-406729,docx,en,31,body,6,4,plain,,0,
govdocs1-406729,docx,en,32,body,6,4,plain,,0,
govdocs1-406729,docx,en,33,body,6,4,plain,,0,
govdocs1-406729,docx,en,34,body,6,4,plain,,0,
govdocs1-406729,docx,en,35,body,6,4,plain,,0,
govdocs1-406729,docx,en,36,body,6,4,plain,,0,
govdocs1-406729,docx,en,37,body,6,4,plain,,0,
govdocs1-406729,docx,en,38,body,6,4,plain,,0,
govdocs1-406729,docx,en,39,body,6,4,plain,,0,
govdocs1-406729,docx,en,40,body,6,4,plain,,0,
govdocs1-406729,docx,en,41,body,6,4,plain,,0,
govdocs1-406729,docx,en,42,body,6,4,plain,,0,
govdocs1-406729,docx,en,43,body,6,4,plain,,0,
govdocs1-409409,docx,en,0,body,1,7,multipara,multipara,0,cell with 2 blocks
govdocs1-409409,docx,en,1,body,1,6,multipara,multipara,0,cell with 2 blocks
govdocs1-420596,docx,en,0,body,1,2,plain,,0,
govdocs1-420596,docx,en,1,body,2,2,multipara,multipara,0,cell with 2 blocks
govdocs1-433177,docx,en,0,body,3,2,multipara,multipara,0,cell with 2 blocks
govdocs1-435413,docx,en,0,body,4,3,plain,,0,
govdocs1-448024,docx,en,0,body,2,2,multipara,merged;multipara,0,cell with 4 blocks
govdocs1-448024,docx,en,1,body,7,8,merged,merged,0,
govdocs1-448024,docx,en,2,body,18,15,merged,merged,0,
govdocs1-448024,docx,en,3,body,6,3,plain,,0,
govdocs1-448024,docx,en,4,body,5,3,plain,,0,
govdocs1-448024,docx,en,5,body,7,3,plain,,0,
govdocs1-448024,docx,en,6,body,6,2,plain,,0,
govdocs1-448024,docx,en,7,body,14,4,plain,,0,
govdocs1-448024,docx,en,8,body,6,2,plain,,0,
govdocs1-448024,docx,en,9,body,9,2,plain,,0,
govdocs1-448024,docx,en,10,body,27,3,plain,,0,
govdocs1-448024,docx,en,11,body,10,3,plain,,0,
govdocs1-448024,docx,en,12,body,38,4,plain,,0,
govdocs1-448024,docx,en,13,body,6,6,plain,,0,
govdocs1-448024,docx,en,14,body,2,2,multipara,merged;multipara,0,cell with 4 blocks
govdocs1-454393,docx,en,0,body,15,2,multipara,merged;multipara,0,cell with 3 blocks
govdocs1-454393,docx,en,1,body,3,1,multipara,multipara,0,cell with 2 blocks
govdocs1-470116,docx,en,0,body,11,2,multipara,multipara,0,cell with 3 blocks
govdocs1-470116,docx,en,1,body,11,2,multipara,multipara,0,cell with 2 blocks
govdocs1-470116,docx,en,2,body,11,2,multipara,multipara,0,cell with 2 blocks
govdocs1-470116,docx,en,3,body,11,2,multipara,multipara,0,cell with 8 blocks
govdocs1-470116,docx,en,4,body,11,2,multipara,multipara,0,cell with 2 blocks
govdocs1-470116,docx,en,5,body,11,2,multipara,multipara,0,cell with 3 blocks
govdocs1-470116,docx,en,6,body,11,2,multipara,multipara,0,cell with 2 blocks
govdocs1-470116,docx,en,7,body,11,2,multipara,multipara,0,cell with 3 blocks
govdocs1-470116,docx,en,8,body,11,2,multipara,multipara,0,cell with 3 blocks
govdocs1-470116,docx,en,9,body,11,2,multipara,multipara,0,cell with 5 blocks
govdocs1-470116,docx,en,10,body,11,2,multipara,multipara,0,cell with 2 blocks
govdocs1-470116,docx,en,11,body,11,2,multipara,multipara,0,cell with 2 blocks
govdocs1-470116,docx,en,12,body,11,2,multipara,multipara,0,cell with 2 blocks
govdocs1-470116,docx,en,13,body,11,2,multipara,multipara,0,cell with 9 blocks
govdocs1-470116,docx,en,14,body,11,2,multipara,multipara,0,cell with 2 blocks
govdocs1-470116,docx,en,15,body,11,2,multipara,multipara,0,cell with 3 blocks
govdocs1-470116,docx,en,16,body,11,2,multipara,multipara,0,cell with 2 blocks
govdocs1-470116,docx,en,17,body,11,2,multipara,multipara,0,cell with 4 blocks
govdocs1-470116,docx,en,18,body,11,2,multipara,multipara,0,cell with 3 blocks
govdocs1-470116,docx,en,19,body,11,2,multipara,multipara,0,cell with 4 blocks
govdocs1-470116,docx,en,20,body,11,2,multipara,multipara,0,cell with 2 blocks
govdocs1-470116,docx,en,21,body,11,2,multipara,multipara,0,cell with 2 blocks
govdocs1-470116,docx,en,22,body,11,2,multipara,multipara,0,cell with 2 blocks
govdocs1-470116,docx,en,23,body,11,2,multipara,multipara,0,cell with 4 blocks
govdocs1-470116,docx,en,24,body,11,2,multipara,multipara,0,cell with 3 blocks
govdocs1-470116,docx,en,25,body,11,2,multipara,multipara,0,cell with 2 blocks
govdocs1-470116,docx,en,26,body,11,2,multipara,multipara,0,cell with 3 blocks
govdocs1-470116,docx,en,27,body,11,2,multipara,multipara,0,cell with 3 blocks
govdocs1-470116,docx,en,28,body,11,2,multipara,multipara,0,cell with 4 blocks
govdocs1-470116,docx,en,29,body,11,2,multipara,multipara,0,cell with 3 blocks
govdocs1-470116,docx,en,30,body,11,2,multipara,multipara,0,cell with 2 blocks
govdocs1-470116,docx,en,31,body,11,2,multipara,multipara,0,cell with 2 blocks
govdocs1-470116,docx,en,32,body,11,2,multipara,multipara,0,cell with 2 blocks
govdocs1-470116,docx,en,33,body,11,2,multipara,multipara,0,cell with 4 blocks
govdocs1-470116,docx,en,34,body,11,2,multipara,multipara,0,cell with 3 blocks
govdocs1-470116,docx,en,35,body,11,2,multipara,multipara,0,cell with 4 blocks
govdocs1-470116,docx,en,36,body,11,2,multipara,multipara,0,cell with 3 blocks
govdocs1-470116,docx,en,37,body,11,2,multipara,multipara,0,cell with 2 blocks
govdocs1-470116,docx,en,38,body,11,2,multipara,multipara,0,cell with 3 blocks
govdocs1-470116,docx,en,39,body,11,2,multipara,multipara,0,cell with 2 blocks
govdocs1-470116,docx,en,40,body,11,2,multipara,multipara,0,cell with 2 blocks
govdocs1-470116,docx,en,41,body,11,2,plain,,0,
govdocs1-470116,docx,en,42,body,11,2,multipara,multipara,0,cell with 3 blocks
govdocs1-470116,docx,en,43,body,74,2,plain,,0,
govdocs1-505495,docx,en,0,body,2,1,multipara,multipara,0,cell with 2 blocks
govdocs1-505495,docx,en,1,body,2,1,multipara,multipara,0,cell with 3 blocks
govdocs1-505495,docx,en,2,body,2,1,multipara,multipara,0,cell with 3 blocks
govdocs1-505495,docx,en,3,body,2,1,multipara,multipara,0,cell with 2 blocks
govdocs1-505495,docx,en,4,body,8,3,merged,merged,0,
govdocs1-505495,docx,en,5,body,5,2,merged,merged,0,
govdocs1-505495,docx,en,6,body,8,3,merged,merged,0,
govdocs1-505495,docx,en,7,body,4,2,plain,,0,
govdocs1-505495,docx,en,8,body,2,1,multipara,multipara,0,cell with 7 blocks
govdocs1-505495,docx,en,9,body,16,4,multipara,merged;multipara,0,cell with 3 blocks
govdocs1-505495,docx,en,10,body,1,1,multipara,multipara,0,cell with 5 blocks
govdocs1-505495,docx,en,11,body,9,6,multipara,merged;multipara,0,cell with 2 blocks
govdocs1-505495,docx,en,12,body,6,4,multipara,merged;multipara,0,cell with 2 blocks
govdocs1-505495,docx,en,13,body,6,4,multipara,merged;multipara,0,cell with 2 blocks
govdocs1-505495,docx,en,14,body,7,3,multipara,merged;multipara,0,cell with 3 blocks
govdocs1-505495,docx,en,15,body,7,3,multipara,merged;multipara,0,cell with 3 blocks
govdocs1-505495,docx,en,16,body,8,8,multipara,merged;multipara,0,cell with 2 blocks
govdocs1-505495,docx,en,17,body,8,8,multipara,merged;multipara,0,cell with 2 blocks
govdocs1-507345,docx,en,0,body,19,12,multipara,merged;multipara,0,cell with 2 blocks
govdocs1-509883,docx,en,0,body,9,2,multipara,multipara,0,cell with 10 blocks
govdocs1-509883,docx,en,1,body,5,3,plain,,0,
govdocs1-509883,docx,en,2,body,44,6,plain,marker:table-level,0,table-level bookmarkEnd
govdocs1-509883,docx,en,3,body,49,2,plain,,0,
govdocs1-510523,docx,en,0,body,17,10,multipara,merged;multipara,0,cell with 13 blocks
govdocs1-523860,docx,en,0,body,3,2,plain,,0,
govdocs1-523860,docx,en,1,body,2,2,plain,,0,
govdocs1-523860,docx,en,2,body,1,2,plain,,0,
govdocs1-523860,docx,en,3,body,1,2,plain,,0,
govdocs1-523860,docx,en,4,body,4,2,plain,,0,
govdocs1-523860,docx,en,5,body,4,2,plain,,0,
govdocs1-523860,docx,en,6,body,3,2,multipara,multipara,0,cell with 2 blocks
govdocs1-523860,docx,en,7,body,4,2,plain,,0,
govdocs1-523860,docx,en,8,body,2,3,grid,grid:gridAfter,0,gridBefore/gridAfter
govdocs1-523860,docx,en,9,body,5,4,grid,grid:gridAfter;merged,0,gridBefore/gridAfter
govdocs1-523860,docx,en,10,body,10,1,plain,,0,
govdocs1-523860,docx,en,11,body,2,3,grid,grid:gridAfter,0,gridBefore/gridAfter
govdocs1-523860,docx,en,12,body,1,1,plain,,0,
govdocs1-523860,docx,en,13,body,6,2,plain,,0,
govdocs1-523860,docx,en,14,body,1,1,nested,nested,1,cell holds tbl
govdocs1-523860,docx,en,15,body,1,3,nested,nested,2,cell holds tbl
govdocs1-523860,docx,en,16,body,1,1,nested,nested,1,cell holds tbl
govdocs1-544281,docx,en,0,body,1,2,plain,,0,
govdocs1-544281,docx,en,1,body,2,2,multipara,multipara,0,cell with 2 blocks
govdocs1-596206,docx,en,0,body,41,31,grid,grid:gridAfter;marker:cell-level;marker:row-level;merged;multipara,0,cell with 2 blocks
govdocs1-596392,docx,en,0,body,1,2,plain,,0,
govdocs1-596392,docx,en,1,body,2,2,multipara,multipara,0,cell with 2 blocks
govdocs1-596393,docx,en,0,body,18,10,multipara,merged;multipara,0,cell with 2 blocks
govdocs1-596394,docx,en,0,body,33,8,merged,marker:row-level;marker:table-level;merged,0,table-level bookmarkStart
govdocs1-598298,docx,en,0,body,19,1,multipara,multipara,0,cell with 2 blocks
govdocs1-598299,docx,en,0,body,15,2,merged,merged,0,
govdocs1-598299,docx,en,1,body,3,1,multipara,multipara,0,cell with 2 blocks
govdocs1-598496,docx,en,0,body,1,2,plain,,0,
govdocs1-598496,docx,en,1,body,2,2,plain,,0,
govdocs1-603435,docx,en,0,body,7,2,multipara,merged;multipara,0,cell with 9 blocks
govdocs1-604743,docx,en,0,body,9,4,multipara,multipara,0,cell with 2 blocks
govdocs1-610679,docx,en,0,body,1,2,plain,,0,
govdocs1-610679,docx,en,1,body,2,2,multipara,multipara,0,cell with 2 blocks
govdocs1-612851,docx,en,0,body,4,7,multipara,merged;multipara,0,cell with 2 blocks
govdocs1-612851,docx,en,1,body,4,4,plain,,0,
govdocs1-612851,docx,en,2,body,4,3,plain,,0,
govdocs1-612851,docx,en,3,body,5,4,multipara,merged;multipara,0,cell with 2 blocks
govdocs1-616486,docx,en,0,body,4,3,multipara,multipara,0,cell with 2 blocks
govdocs1-616486,docx,en,1,body,4,3,multipara,multipara,0,cell with 3 blocks
govdocs1-616486,docx,en,2,body,4,3,multipara,multipara,0,cell with 2 blocks
govdocs1-617794,docx,en,0,body,7,5,multipara,marker:row-level;merged;multipara,0,cell with 2 blocks
govdocs1-617794,docx,en,1,body,5,5,multipara,marker:row-level;merged;multipara,0,cell with 2 blocks
govdocs1-617794,docx,en,2,body,11,5,multipara,marker:row-level;merged;multipara,0,cell with 2 blocks
govdocs1-617794,docx,en,3,body,10,5,multipara,marker:row-level;merged;multipara,0,cell with 2 blocks
govdocs1-617794,docx,en,4,body,6,5,multipara,marker:row-level;merged;multipara,0,cell with 2 blocks
govdocs1-617794,docx,en,5,body,7,5,multipara,marker:row-level;merged;multipara,0,cell with 2 blocks
govdocs1-619629,docx,en,0,body,6,3,plain,,0,
govdocs1-622477,docx,en,0,body,6,12,multipara,merged;multipara,0,cell with 2 blocks
govdocs1-622477,docx,en,1,body,5,6,multipara,multipara,0,cell with 2 blocks
govdocs1-623902,docx,en,0,body,7,2,nested,merged;multipara;nested;row-cc:sdt wraps cells,1,row-level sdt
govdocs1-629327,docx,en,0,body,11,4,plain,,0,
govdocs1-632014,docx,en,0,body,1,1,plain,,0,
govdocs1-632014,docx,en,1,body,1,2,nested,multipara;nested,1,cell holds tbl
govdocs1-632014,docx,en,2,body,2,1,plain,,0,
govdocs1-632014,docx,en,3,body,4,1,nested,nested,2,cell holds tbl
govdocs1-632014,docx,en,4,body,2,1,plain,,0,
govdocs1-632014,docx,en,5,body,4,1,nested,nested,2,cell holds tbl
govdocs1-632014,docx,en,6,body,1,1,plain,,0,
govdocs1-632014,docx,en,7,body,2,7,plain,,0,
govdocs1-632014,docx,en,8,body,1,1,plain,,0,
govdocs1-632014,docx,en,9,body,8,7,plain,,0,
govdocs1-632014,docx,en,10,body,1,1,plain,,0,
govdocs1-632014,docx,en,11,body,4,7,plain,,0,
govdocs1-632014,docx,en,12,body,1,2,nested,multipara;nested,1,cell holds tbl
govdocs1-633495,docx,en,0,body,12,6,multipara,multipara,0,cell with 2 blocks
govdocs1-633495,docx,en,1,body,1,1,plain,,0,
govdocs1-633495,docx,en,2,body,1,2,nested,nested,1,cell holds tbl
govdocs1-633495,docx,en,3,body,2,1,plain,,0,
govdocs1-633495,docx,en,4,body,4,1,nested,nested,2,cell holds tbl
govdocs1-633495,docx,en,5,body,2,1,plain,,0,
govdocs1-633495,docx,en,6,body,4,1,nested,nested,2,cell holds tbl
govdocs1-633495,docx,en,7,body,2,1,plain,,0,
govdocs1-633495,docx,en,8,body,4,1,nested,nested,2,cell holds tbl
govdocs1-633495,docx,en,9,body,2,1,plain,,0,
govdocs1-633495,docx,en,10,body,4,1,nested,nested,2,cell holds tbl
govdocs1-633495,docx,en,11,body,3,1,plain,,0,
govdocs1-633495,docx,en,12,body,4,1,nested,nested,2,cell holds tbl
govdocs1-633495,docx,en,13,body,2,1,plain,,0,
govdocs1-633495,docx,en,14,body,4,1,nested,nested,2,cell holds tbl
govdocs1-633495,docx,en,15,body,3,1,plain,,0,
govdocs1-633495,docx,en,16,body,4,1,nested,nested,2,cell holds tbl
govdocs1-633495,docx,en,17,body,3,1,plain,,0,
govdocs1-633495,docx,en,18,body,4,1,nested,nested,2,cell holds tbl
govdocs1-633495,docx,en,19,body,3,1,plain,,0,
govdocs1-633495,docx,en,20,body,4,1,nested,nested,2,cell holds tbl
govdocs1-633495,docx,en,21,body,3,1,plain,,0,
govdocs1-633495,docx,en,22,body,4,1,nested,nested,2,cell holds tbl
govdocs1-633495,docx,en,23,body,3,1,plain,,0,
govdocs1-633495,docx,en,24,body,4,1,nested,nested,2,cell holds tbl
govdocs1-633495,docx,en,25,body,3,1,plain,,0,
govdocs1-633495,docx,en,26,body,4,1,nested,nested,2,cell holds tbl
govdocs1-633495,docx,en,27,body,3,1,plain,,0,
govdocs1-633495,docx,en,28,body,4,1,nested,nested,2,cell holds tbl
govdocs1-633495,docx,en,29,body,2,1,plain,,0,
govdocs1-633495,docx,en,30,body,4,1,nested,nested,2,cell holds tbl
govdocs1-633495,docx,en,31,body,3,1,plain,,0,
govdocs1-633495,docx,en,32,body,4,1,nested,nested,2,cell holds tbl
govdocs1-633495,docx,en,33,body,3,1,plain,,0,
govdocs1-633495,docx,en,34,body,4,1,nested,nested,2,cell holds tbl
govdocs1-633495,docx,en,35,body,3,1,plain,,0,
govdocs1-633495,docx,en,36,body,4,1,nested,nested,2,cell holds tbl
govdocs1-634957,docx,en,0,body,1,2,plain,,0,
govdocs1-634957,docx,en,1,body,2,2,plain,,0,
govdocs1-635707,docx,en,0,body,6,3,multipara,merged;multipara,0,cell with 2 blocks
govdocs1-635707,docx,en,1,body,6,3,multipara,merged;multipara,0,cell with 2 blocks
govdocs1-635707,docx,en,2,body,6,3,multipara,merged;multipara,0,cell with 2 blocks
govdocs1-635707,docx,en,3,body,6,3,multipara,merged;multipara,0,cell with 2 blocks
govdocs1-635707,docx,en,4,body,6,3,multipara,merged;multipara,0,cell with 2 blocks
govdocs1-635707,docx,en,5,body,6,3,multipara,merged;multipara,0,cell with 2 blocks
govdocs1-635707,docx,en,6,body,6,3,multipara,merged;multipara,0,cell with 2 blocks
govdocs1-635707,docx,en,7,body,12,3,multipara,merged;multipara,0,cell with 2 blocks
govdocs1-635707,docx,en,8,body,6,3,multipara,merged;multipara,0,cell with 2 blocks
govdocs1-635707,docx,en,9,body,6,3,multipara,merged;multipara,0,cell with 2 blocks
govdocs1-635707,docx,en,10,body,3,3,multipara,merged;multipara,0,cell with 2 blocks
govdocs1-649344,docx,en,0,body,101,6,plain,,0,
govdocs1-651923,docx,en,0,body,6,12,multipara,merged;multipara,0,cell with 2 blocks
govdocs1-651923,docx,en,1,body,6,6,plain,,0,
govdocs1-681047,docx,en,0,body,11,3,multipara,multipara,0,cell with 7 blocks
govdocs1-681047,docx,en,1,body,13,3,multipara,multipara,0,cell with 6 blocks
govdocs1-681047,docx,en,2,body,4,3,plain,,0,
govdocs1-732704,docx,en,0,body,17,10,multipara,merged;multipara,0,cell with 3 blocks
govdocs1-732705,docx,en,0,body,17,10,merged,merged,0,
govdocs1-787396,docx,en,0,body,10,2,plain,,0,
govdocs1-795716,docx,en,0,body,12,3,multipara,multipara,0,cell with 4 blocks
govdocs1-795716,docx,en,1,body,14,3,multipara,multipara,0,cell with 2 blocks
govdocs1-795716,docx,en,2,body,12,3,multipara,multipara,0,cell with 3 blocks
govdocs1-795716,docx,en,3,body,4,3,plain,,0,
govdocs1-883596,docx,en,0,body,6,4,plain,marker:cell-level;marker:row-level;marker:table-level,0,table-level bookmarkStart
govdocs1-883596,docx,en,1,body,6,4,plain,marker:cell-level;marker:row-level;marker:table-level,0,table-level bookmarkStart
govdocs1-883596,docx,en,2,body,6,4,plain,marker:cell-level;marker:row-level;marker:table-level,0,table-level bookmarkStart
govdocs1-883596,docx,en,3,body,6,4,plain,marker:cell-level;marker:row-level;marker:table-level,0,table-level bookmarkStart
govdocs1-883596,docx,en,4,body,6,4,plain,marker:cell-level;marker:row-level;marker:table-level,0,table-level bookmarkStart
govdocs1-883596,docx,en,5,body,6,4,plain,marker:cell-level;marker:row-level;marker:table-level,0,table-level bookmarkStart
govdocs1-883596,docx,en,6,body,6,4,plain,marker:cell-level;marker:row-level;marker:table-level,0,table-level bookmarkStart
govdocs1-883596,docx,en,7,body,6,4,plain,marker:cell-level;marker:row-level;marker:table-level,0,table-level bookmarkStart
govdocs1-883596,docx,en,8,body,6,4,plain,marker:cell-level;marker:row-level;marker:table-level,0,table-level bookmarkStart
govdocs1-883596,docx,en,9,body,6,4,plain,marker:cell-level;marker:row-level;marker:table-level,0,table-level bookmarkStart
govdocs1-883596,docx,en,10,body,6,4,plain,marker:cell-level;marker:row-level;marker:table-level,0,table-level bookmarkStart
govdocs1-883596,docx,en,11,body,6,4,plain,marker:cell-level;marker:row-level;marker:table-level,0,table-level bookmarkStart
govdocs1-883596,docx,en,12,body,6,4,plain,marker:cell-level;marker:row-level;marker:table-level,0,table-level bookmarkStart
govdocs1-883596,docx,en,13,body,6,4,plain,marker:cell-level;marker:row-level;marker:table-level,0,table-level bookmarkStart
govdocs1-883596,docx,en,14,body,6,4,plain,marker:cell-level;marker:row-level;marker:table-level,0,table-level bookmarkStart
govdocs1-883596,docx,en,15,body,6,4,plain,marker:cell-level;marker:row-level;marker:table-level,0,table-level bookmarkStart
govdocs1-883596,docx,en,16,body,6,4,plain,marker:cell-level;marker:row-level;marker:table-level,0,table-level bookmarkStart
govdocs1-883596,docx,en,17,body,6,4,plain,marker:cell-level;marker:row-level;marker:table-level,0,table-level bookmarkStart
govdocs1-883596,docx,en,18,body,6,4,plain,marker:cell-level;marker:row-level;marker:table-level,0,table-level bookmarkStart
govdocs1-883596,docx,en,19,body,6,4,plain,marker:cell-level;marker:row-level;marker:table-level,0,table-level bookmarkStart
govdocs1-883596,docx,en,20,body,6,4,plain,marker:cell-level;marker:row-level;marker:table-level,0,table-level bookmarkStart
govdocs1-883596,docx,en,21,body,6,4,plain,marker:cell-level;marker:row-level;marker:table-level,0,table-level bookmarkStart
govdocs1-883596,docx,en,22,body,6,4,plain,marker:cell-level;marker:row-level;marker:table-level,0,table-level bookmarkStart
govdocs1-883596,docx,en,23,body,6,4,plain,marker:cell-level;marker:row-level;marker:table-level,0,table-level bookmarkStart
govdocs1-883596,docx,en,24,body,6,4,plain,marker:cell-level;marker:row-level;marker:table-level,0,table-level bookmarkStart
govdocs1-883596,docx,en,25,body,6,4,plain,marker:cell-level;marker:row-level;marker:table-level,0,table-level bookmarkStart
govdocs1-883596,docx,en,26,body,6,4,plain,marker:cell-level;marker:row-level;marker:table-level,0,table-level bookmarkStart
govdocs1-883596,docx,en,27,body,6,4,plain,marker:cell-level;marker:row-level;marker:table-level,0,table-level bookmarkStart
govdocs1-883596,docx,en,28,body,6,4,plain,marker:cell-level;marker:row-level;marker:table-level,0,table-level bookmarkStart
govdocs1-883596,docx,en,29,body,6,4,plain,marker:cell-level;marker:row-level;marker:table-level,0,table-level bookmarkStart
govdocs1-883596,docx,en,30,body,6,4,plain,marker:cell-level;marker:row-level;marker:table-level,0,table-level bookmarkStart
govdocs1-883596,docx,en,31,body,6,4,plain,marker:cell-level;marker:row-level;marker:table-level,0,table-level bookmarkStart
govdocs1-883596,docx,en,32,body,6,4,plain,marker:cell-level;marker:row-level;marker:table-level,0,table-level bookmarkStart
govdocs1-883596,docx,en,33,body,6,4,plain,marker:cell-level;marker:row-level;marker:table-level,0,table-level bookmarkStart
govdocs1-883596,docx,en,34,body,6,4,plain,marker:cell-level;marker:row-level;marker:table-level,0,table-level bookmarkStart
govdocs1-883596,docx,en,35,body,6,4,plain,marker:cell-level;marker:row-level;marker:table-level,0,table-level bookmarkStart
govdocs1-883596,docx,en,36,body,6,4,plain,marker:cell-level;marker:row-level;marker:table-level,0,table-level bookmarkStart
govdocs1-883596,docx,en,37,body,6,4,plain,marker:cell-level;marker:row-level;marker:table-level,0,table-level bookmarkStart
govdocs1-883596,docx,en,38,body,6,4,plain,marker:cell-level;marker:row-level;marker:table-level,0,table-level bookmarkStart
govdocs1-883596,docx,en,39,body,6,4,plain,marker:cell-level;marker:row-level;marker:table-level,0,table-level bookmarkStart
govdocs1-883596,docx,en,40,body,6,4,plain,marker:cell-level;marker:row-level;marker:table-level,0,table-level bookmarkStart
govdocs1-883596,docx,en,41,body,6,4,plain,marker:cell-level;marker:row-level;marker:table-level,0,table-level bookmarkStart
govdocs1-883596,docx,en,42,body,6,4,plain,marker:cell-level;marker:row-level;marker:table-level,0,table-level bookmarkStart
govdocs1-883596,docx,en,43,body,6,4,plain,marker:cell-level;marker:row-level;marker:table-level,0,table-level bookmarkStart
govdocs1-883596,docx,en,44,body,6,4,plain,marker:cell-level;marker:row-level;marker:table-level,0,table-level bookmarkStart
govdocs1-883596,docx,en,45,body,6,4,plain,marker:cell-level;marker:row-level;marker:table-level,0,table-level bookmarkStart
govdocs1-883596,docx,en,46,body,6,4,plain,marker:cell-level;marker:row-level;marker:table-level,0,table-level bookmarkStart
govdocs1-883596,docx,en,47,body,6,4,plain,marker:cell-level;marker:row-level;marker:table-level,0,table-level bookmarkStart
govdocs1-883596,docx,en,48,body,6,4,plain,marker:cell-level;marker:row-level;marker:table-level,0,table-level bookmarkStart
govdocs1-883596,docx,en,49,body,6,4,plain,marker:cell-level;marker:row-level;marker:table-level,0,table-level bookmarkStart
govdocs1-883596,docx,en,50,body,6,4,plain,marker:cell-level;marker:row-level;marker:table-level,0,table-level bookmarkStart
govdocs1-883596,docx,en,51,body,6,4,plain,marker:cell-level;marker:row-level;marker:table-level,0,table-level bookmarkStart
govdocs1-883596,docx,en,52,body,6,4,plain,marker:cell-level;marker:row-level;marker:table-level,0,table-level bookmarkStart
govdocs1-883596,docx,en,53,body,6,4,plain,marker:cell-level;marker:row-level;marker:table-level,0,table-level bookmarkStart
govdocs1-883596,docx,en,54,body,6,4,plain,marker:cell-level;marker:row-level;marker:table-level,0,table-level bookmarkStart
govdocs1-883596,docx,en,55,body,6,4,plain,marker:cell-level;marker:row-level;marker:table-level,0,table-level bookmarkStart
govdocs1-883596,docx,en,56,body,6,4,plain,marker:cell-level;marker:row-level;marker:table-level,0,table-level bookmarkStart
govdocs1-883596,docx,en,57,body,6,4,plain,marker:cell-level;marker:row-level;marker:table-level,0,table-level bookmarkStart
govdocs1-883596,docx,en,58,body,6,4,plain,marker:cell-level;marker:row-level;marker:table-level,0,table-level bookmarkStart
govdocs1-883596,docx,en,59,body,6,4,plain,marker:cell-level;marker:row-level;marker:table-level,0,table-level bookmarkStart
govdocs1-883596,docx,en,60,body,6,4,plain,marker:cell-level;marker:row-level;marker:table-level,0,table-level bookmarkStart
govdocs1-883596,docx,en,61,body,6,4,plain,marker:cell-level;marker:row-level;marker:table-level,0,table-level bookmarkStart
govdocs1-883596,docx,en,62,body,6,4,plain,marker:cell-level;marker:row-level;marker:table-level,0,table-level bookmarkStart
govdocs1-883596,docx,en,63,body,6,4,plain,marker:cell-level;marker:row-level;marker:table-level,0,table-level bookmarkStart
govdocs1-883596,docx,en,64,body,6,4,plain,marker:cell-level;marker:row-level;marker:table-level,0,table-level bookmarkStart
govdocs1-883596,docx,en,65,body,6,4,plain,marker:cell-level;marker:row-level;marker:table-level,0,table-level bookmarkStart
govdocs1-883596,docx,en,66,body,6,4,plain,marker:cell-level;marker:row-level;marker:table-level,0,table-level bookmarkStart
govdocs1-883596,docx,en,67,body,6,4,plain,marker:cell-level;marker:row-level;marker:table-level,0,table-level bookmarkStart
govdocs1-883596,docx,en,68,body,6,4,plain,marker:cell-level;marker:row-level;marker:table-level,0,table-level bookmarkStart
govdocs1-883596,docx,en,69,body,6,4,plain,marker:cell-level;marker:row-level;marker:table-level,0,table-level bookmarkStart
govdocs1-919819,docx,en,0,body,10,4,plain,,0,
govdocs1-941261,docx,en,0,body,6,12,multipara,merged;multipara,0,cell with 2 blocks
govdocs1-941261,docx,en,1,body,6,6,plain,,0,
github-18F_handbook-TEMPLATE_Internal_kickoff_agenda,docx,en,0,body,1,1,multipara,multipara,0,cell with 7 blocks
github-18F_handbook-TEMPLATE_Project_README,docx,en,0,body,1,1,multipara,multipara,0,cell with 9 blocks
github-18F_handbook-TEMPLATE_Project_README,docx,en,1,body,5,5,plain,,0,
github-18F_handbook-TEMPLATE_Project_README,docx,en,2,body,1,1,multipara,multipara,0,cell with 2 blocks
github-18F_handbook-TEMPLATE_Project_README,docx,en,3,body,5,3,multipara,multipara,0,cell with 2 blocks
github-18F_handbook-TEMPLATE_Team_charter,docx,en,0,body,1,1,multipara,multipara,0,cell with 7 blocks
github-18F_handbook-TEMPLATE_Team_charter,docx,en,1,body,7,5,plain,,0,
github-18F_handbook-TEMPLATE_Team_charter,docx,en,2,body,7,3,plain,,0,
github-18F_handbook-TEMPLATE_Team_charter,docx,en,3,body,7,5,multipara,multipara,0,cell with 2 blocks
github-18F_handbook-TEMPLATE_Team_charter,docx,en,4,body,4,2,plain,,0,
github-18F_handbook-TEMPLATE_Weekly_ship_template,docx,en,0,body,1,1,multipara,multipara,0,cell with 12 blocks
github-usds_playbook-TechFAR_Handbook_2014-08-07,docx,en,0,body,8,3,multipara,multipara,0,cell with 5 blocks
github-usds_playbook-TechFAR_Handbook_2014-08-07,docx,en,1,body,2,2,merged,merged,0,
github-usds_playbook-TechFAR_Handbook_2014-08-07,docx,en,2,body,1,2,plain,,0,
github-usds_playbook-TechFAR_Handbook_2014-08-07,docx,en,3,body,2,2,merged,merged,0,
github-usds_playbook-TechFAR_Handbook_2014-08-07,docx,en,4,body,2,2,merged,merged,0,
github-usds_playbook-TechFAR_Handbook_2014-08-07,docx,en,5,body,2,2,merged,merged,0,
github-usds_playbook-TechFAR_Handbook_2014-08-07,docx,en,6,body,2,2,merged,merged,0,
github-usds_playbook-TechFAR_Handbook_2014-08-07,docx,en,7,body,2,2,merged,merged,0,
github-usds_playbook-TechFAR_Handbook_2014-08-07,docx,en,8,body,2,2,merged,merged,0,
github-usds_playbook-TechFAR_Handbook_2014-08-07,docx,en,9,body,2,2,merged,merged,0,
github-usds_playbook-TechFAR_Handbook_2014-08-07,docx,en,10,body,2,2,merged,merged,0,
github-usds_playbook-TechFAR_Handbook_2014-08-07,docx,en,11,body,2,2,merged,merged,0,
github-usds_playbook-TechFAR_Handbook_2014-08-07,docx,en,12,body,2,2,merged,merged,0,
github-usds_playbook-TechFAR_Handbook_2014-08-07,docx,en,13,body,2,2,merged,merged,0,
github-usds_playbook-TechFAR_Handbook_2014-08-07,docx,en,14,body,2,2,merged,merged,0,
github-usds_playbook-TechFAR_Handbook_2014-08-07,docx,en,15,body,2,2,merged,merged,0,
github-usds_playbook-TechFAR_Handbook_2014-08-07,docx,en,16,body,2,2,merged,merged,0,
github-usds_playbook-TechFAR_Handbook_2014-08-07,docx,en,17,body,2,2,merged,merged,0,
github-usds_playbook-TechFAR_Handbook_2014-08-07,docx,en,18,body,2,2,merged,merged,0,
github-usds_playbook-TechFAR_Handbook_2014-08-07,docx,en,19,body,2,2,merged,merged,0,
github-usds_playbook-TechFAR_Handbook_2014-08-07,docx,en,20,body,2,2,merged,merged,0,
github-usds_playbook-TechFAR_Handbook_2014-08-07,docx,en,21,body,2,2,merged,merged,0,
github-usds_playbook-TechFAR_Handbook_2014-08-07,docx,en,22,body,2,2,merged,merged,0,
github-usds_playbook-TechFAR_Handbook_2014-08-07,docx,en,23,body,2,2,merged,merged,0,
github-usds_playbook-TechFAR_Handbook_2014-08-07,docx,en,24,body,6,3,multipara,multipara,0,cell with 2 blocks
github-usds_playbook-TechFAR_Handbook_2014-08-07,docx,en,25,body,6,2,plain,,0,
github-usds_playbook-TechFAR_Handbook_2014-08-07,docx,en,26,body,5,2,plain,,0,
