file,name,format,n_native,n_render,page_mismatch,score,score_content,score_norm,worst_page,worst_ssim,status
01,01-docx-untouched-korean-report,docx,2,2,False,0.9317,0.8041,0.0,1,0.8812,ok
02,02-docx-untouched-sample-docx,docx,5,5,False,0.8785,0.7093,0.0,3,0.7641,ok
03,03-docx-untouched-docx4j-tables,docx,3,3,False,0.7712,0.3304,0.0,2,0.6928,ok
04,04-docx-untouched-testword-various,docx,2,2,False,0.9562,0.3647,0.0773,1,0.9398,ok
05,05-docx-untouched-loadandsave,docx,3,4,True,0.5951,0.4286,0.0,4,0.0,ok
06,06-docx-edited-korean-report-e10,docx,2,2,False,0.9311,0.7915,0.0,2,0.9272,ok
07,07-docx-edited-sample-docx-e10,docx,4,4,False,0.8458,0.6498,0.0,2,0.7275,ok
08,08-docx-new-report-en,docx,1,1,False,0.9723,0.6031,0.3772,1,0.9723,ok
09,09-docx-new-report-ko,docx,1,1,False,0.9057,0.1541,0.0,1,0.9057,ok
10,10-pptx-untouched-korean-deck,pptx,7,7,False,0.9464,0.2156,0.0639,5,0.889,ok
11,11-pptx-untouched-shapes,pptx,6,6,False,0.9854,0.8641,0.7637,2,0.9707,ok
12,12-pptx-untouched-onlyoffice-sample,pptx,7,7,False,0.9026,0.7401,0.4197,4,0.8271,ok
13,13-pptx-untouched-modern-pitch,pptx,8,8,False,0.9507,0.7758,0.5131,7,0.899,ok
14,14-pptx-untouched-korean-report-deck,pptx,6,6,False,0.9611,0.6815,0.3599,6,0.9449,ok
15,15-pptx-edited-korean-deck-pset,pptx,7,7,False,0.9515,0.1581,0.0073,4,0.8895,ok
16,16-pptx-edited-modern-pitch-pset,pptx,8,8,False,0.9501,0.6781,0.4381,6,0.9099,ok
17,17-pptx-new-deck-ko,pptx,4,4,False,0.9473,0.1678,0.0,2,0.9226,ok
18,18-xlsx-untouched-korean-sales,xlsx,5,5,False,0.8586,0.1512,0.2,1,0.5738,ok
19,19-xlsx-untouched-monthly-budget,xlsx,2,2,False,0.9453,0.5767,0.6127,1,0.9014,ok
20,20-xlsx-untouched-tables-forms,xlsx,21,15,True,0.5479,0.1082,0.0,16,0.0,ok
21,21-xlsx-edited-korean-sales-ops,xlsx,5,5,False,0.8567,0.1496,0.2,1,0.574,ok
22,22-xlsx-new-sales-ko,xlsx,2,2,False,0.9492,0.1874,0.001,2,0.9065,ok
