file,format,page,native,render,n_native_chars,n_render_chars,T,L,W,W_rel,offset_pt,layout
23,hwpx,1,True,True,895,895,0.9855,1.0,0.5043,0.7863,"[-1.0, -11.6]",0.7921
23,hwpx,2,True,True,772,772,0.9948,0.9892,0.9266,0.9268,"[0.1, 0.0]",0.9697
23,hwpx,3,True,True,1370,1377,0.9945,0.9947,0.9729,0.9854,"[0.1, -0.6]",0.9873
23,hwpx,4,True,True,1276,1279,0.9965,0.9935,0.9643,0.9803,"[0.0, -0.6]",0.9846
23,hwpx,5,True,True,877,880,0.9949,0.9884,0.9727,0.9852,"[-0.0, -0.5]",0.9853
23,hwpx,6,True,True,1332,1338,0.9955,1.0,0.9744,0.9875,"[0.1, -0.5]",0.9899
23,hwpx,7,True,True,1303,1306,0.9966,0.9865,0.9618,0.9776,"[0.0, -0.6]",0.9815
23,hwpx,8,True,True,877,880,0.9949,0.9851,0.9713,0.9851,"[-0.0, -0.5]",0.9837
23,hwpx,9,True,True,380,424,0.9328,0.7333,0.957,0.9572,"[0.0, 0.0]",0.8683
24,hwpx,1,True,True,822,876,0.9647,0.8615,0.982,0.982,"[0.0, 0.0]",0.9345
24,hwpx,2,True,True,589,615,0.9784,0.9792,0.9748,0.976,"[0.1, 0.0]",0.9775
25,hwpx,1,True,True,1183,1183,1.0,1.0,0.887,0.9495,"[-1.1, -1.8]",0.9608
25,hwpx,2,True,True,1191,1191,1.0,1.0,0.9774,0.9822,"[0.3, 0.1]",0.9924
25,hwpx,3,True,True,750,750,1.0,1.0,0.9358,0.9481,"[0.1, -1.9]",0.9781
25,hwpx,4,True,True,151,160,0.9711,1.0,0.8616,0.8638,"[-0.4, 0.0]",0.9423
25,hwpx,5,True,True,522,513,0.9913,1.0,0.0,0.9772,"[0.2, -33.8]",0.0
25,hwpx,6,True,True,634,634,1.0,1.0,0.9047,0.9109,"[0.1, -0.6]",0.9672
26,hwpx,1,True,True,391,391,0.9923,0.9189,0.0499,0.6168,"[-0.1, -25.2]",0.3571
26,hwpx,2,True,True,500,522,0.9726,0.875,0.6694,0.6877,"[0.0, -1.1]",0.829
26,hwpx,3,True,True,518,496,0.9724,0.9825,0.091,0.7352,"[0.3, -25.5]",0.443
26,hwpx,4,True,True,57,57,0.9474,0.75,0.4301,0.6357,"[11.2, -5.1]",0.6736
26,hwpx,5,True,True,20,16,0.7222,1.0,0.0,0.9989,"[-0.0, -174.0]",0.0
26,hwpx,6,True,True,3,3,1.0,1.0,0.9201,0.969,"[-0.2, 1.4]",0.9726
27,hwpx,1,True,True,1168,1168,1.0,0.8421,0.7409,0.7413,"[-0.1, -0.1]",0.8545
27,hwpx,2,True,True,1363,1363,1.0,1.0,0.9877,0.9888,"[-0.0, -0.1]",0.9959
27,hwpx,3,True,True,554,554,1.0,1.0,0.9866,0.9876,"[-0.1, -0.1]",0.9955
28,hwpx,1,True,True,84,84,0.9643,0.8889,0.0,0.77,"[0.0, -40.6]",0.0
28,hwpx,2,True,True,298,322,0.9387,0.8125,0.0663,0.5107,"[2.5, -184.2]",0.3697
28,hwpx,3,True,True,31,456,0.0,1.0,0.0,,"[0.0, 0.0]",0.0
28,hwpx,4,True,True,455,492,0.0,0.9333,0.0,,"[0.0, 0.0]",0.0
28,hwpx,5,True,True,485,89,0.0,0.8571,0.0,,"[0.0, 0.0]",0.0
28,hwpx,6,True,True,97,3,0.0,0.9091,0.0,,"[0.0, 0.0]",0.0
28,hwpx,7,True,False,3,0,0.0,1.0,0.0,,"[0.0, 0.0]",0.0
29,hwpx,1,True,True,534,576,0.9622,0.8889,0.9418,0.9419,"[0.0, 0.0]",0.9304
29,hwpx,2,True,True,831,298,0.5279,0.9587,0.6865,0.8463,"[0.0, -6.6]",0.703
29,hwpx,3,True,True,0,562,0.0,,,,"[0.0, 0.0]",0.0
30,hwpx,1,True,True,353,353,0.9915,1.0,0.8683,0.8764,"[-0.6, -0.1]",0.9513
30,hwpx,2,True,True,133,133,0.985,1.0,0.8915,0.8731,"[-0.7, -2.9]",0.9576
