file,name,format,page,native,render,ssim,ssim_content,ssim_norm,aspect_diff,note
23,23-hwpx-untouched-fdi-2025q2,hwpx,1,True,True,0.5138938190678589,0.07191856539362176,0.0,0.0,
23,23-hwpx-untouched-fdi-2025q2,hwpx,2,True,True,0.8236522495282049,0.4229241626000539,0.24893479302420748,0.0,
23,23-hwpx-untouched-fdi-2025q2,hwpx,3,True,True,0.813682718894358,0.682103048672371,0.5795598063928487,0.0,
23,23-hwpx-untouched-fdi-2025q2,hwpx,4,True,True,0.7958292423289021,0.6316264815698635,0.49752379213139125,0.0,
23,23-hwpx-untouched-fdi-2025q2,hwpx,5,True,True,0.8650493682042161,0.7361632328089436,0.5810040464911167,0.0,
23,23-hwpx-untouched-fdi-2025q2,hwpx,6,True,True,0.8277066633933815,0.7033941420681715,0.5960988190126869,0.0,
23,23-hwpx-untouched-fdi-2025q2,hwpx,7,True,True,0.786798727784508,0.6096595431808729,0.4715753909426193,0.0,
23,23-hwpx-untouched-fdi-2025q2,hwpx,8,True,True,0.8620918527328202,0.732277467083361,0.5721337729459509,0.0,
23,23-hwpx-untouched-fdi-2025q2,hwpx,9,True,True,0.8838730453064635,0.5149804215872805,0.3631735017328156,0.0,
24,24-hwpx-untouched-hy-002,hwpx,1,True,True,0.7733123151108868,0.5444769808750608,0.3948031796126713,0.0009,
24,24-hwpx-untouched-hy-002,hwpx,2,True,True,0.8797595271159938,0.6105542502041715,0.4963103496057244,0.0009,
25,25-hwpx-untouched-hcar-001,hwpx,1,True,True,0.5705110906998069,0.12216489719957617,0.0,0.0,
25,25-hwpx-untouched-hcar-001,hwpx,2,True,True,0.8104605561559793,0.5726741434912272,0.4980864237695787,0.0,
25,25-hwpx-untouched-hcar-001,hwpx,3,True,True,0.8107325661447041,0.4503224034813549,0.29370549827314535,0.0,
25,25-hwpx-untouched-hcar-001,hwpx,4,True,True,0.9350372513042513,0.4306146782541898,0.19651229185910515,0.0,
25,25-hwpx-untouched-hcar-001,hwpx,5,True,True,0.606670226245524,0.21870004188600597,0.0,0.0,
25,25-hwpx-untouched-hcar-001,hwpx,6,True,True,0.7647692435623091,0.39988008888528837,0.17803426328840807,0.0,
26,26-hwpx-untouched-footnote-01,hwpx,1,True,True,0.6962235044397681,0.2815340358500302,0.0,0.0,
26,26-hwpx-untouched-footnote-01,hwpx,2,True,True,0.7355348114791069,0.22256220814394698,0.0,0.0,
26,26-hwpx-untouched-footnote-01,hwpx,3,True,True,0.6881418874740273,0.1886226402108834,0.0,0.0,
26,26-hwpx-untouched-footnote-01,hwpx,4,True,True,0.9741058396425915,0.285362419027878,0.0,0.0,
26,26-hwpx-untouched-footnote-01,hwpx,5,True,True,0.9535755456585867,0.6943685516458908,0.0,0.0,
26,26-hwpx-untouched-footnote-01,hwpx,6,True,True,0.9995793049439917,0.4094192894445028,0.0,0.0,
27,27-hwpx-untouched-para-001,hwpx,1,True,True,0.8038223236829058,0.48824964144509037,0.3115609728548202,0.0,
27,27-hwpx-untouched-para-001,hwpx,2,True,True,0.8106436436056212,0.5654184723797573,0.4275113334473172,0.0,
27,27-hwpx-untouched-para-001,hwpx,3,True,True,0.9204229371631765,0.5523381433500761,0.40609511576926555,0.0,
28,28-hwpx-edited-footnote-01-e10,hwpx,1,True,True,0.8905261683578767,0.45370395035817274,0.0,0.0,
28,28-hwpx-edited-footnote-01-e10,hwpx,2,True,True,0.7405474446154725,0.32757859785516213,0.0,0.0,
28,28-hwpx-edited-footnote-01-e10,hwpx,3,True,True,0.7893746822156343,0.19788705782264224,0.0,0.0,
28,28-hwpx-edited-footnote-01-e10,hwpx,4,True,True,0.6624423763350393,0.16658428319552301,0.0,0.0,
28,28-hwpx-edited-footnote-01-e10,hwpx,5,True,True,0.7882898500817997,0.19280232215146487,0.0,0.0,
28,28-hwpx-edited-footnote-01-e10,hwpx,6,True,True,0.9568246649499884,0.2053788351347662,0.0,0.0,
28,28-hwpx-edited-footnote-01-e10,hwpx,7,True,False,0.0,0.0,0.0,,native only
29,29-hwpx-edited-hy-002-e10,hwpx,1,True,True,0.8466086937413475,0.5001187078955412,0.3185901666194969,0.0009,
29,29-hwpx-edited-hy-002-e10,hwpx,2,True,True,0.6329132394812125,0.21796597620992192,0.0,0.0009,
29,29-hwpx-edited-hy-002-e10,hwpx,3,True,True,0.7169401247848144,0.17396922803629442,0.0,0.0009,
30,30-hwpx-new-plan-ko,hwpx,1,True,True,0.8980445224232267,0.2874954756276727,0.0,0.0009,
30,30-hwpx-new-plan-ko,hwpx,2,True,True,0.9481484967837907,0.23482555023752566,0.0,0.0009,
